Arquivos importados,Tempo da importação no MySQL,Tempo da importação MongoDB
1000,4.5496380000000025,2.754833000000003
2000,5.066192000000002,1.599308
3000,5.264866,1.5355520000000014
4000,4.846410000000001,1.6466120000000006
5000,61.30369200000001,2.2998099999999964
6000,11.509096000000005,1.6035079999999975
7000,8.574185999999992,1.3304860000000007
8000,4.936321000000002,1.1911119999999993
9000,7.044918,1.2963500000000026
10000,6.612345999999996,1.476345999999999
11000,31.796850999999997,1.5019559999999992
12000,30.082335999999998,1.700556
13000,7.561875,1.285518000000001
14000,18.907467000000004,1.5333790000000014
15000,12.720564000000024,1.804391999999999
16000,10.337345999999993,1.6684010000000018
17000,8.668178,1.7281070000000003
18000,7.795752999999996,1.5117970000000003
19000,5.376678999999999,1.5290230000000002
20000,6.756484000000016,1.4692160000000007
21000,4.629915999999997,1.4491930000000006
22000,4.660661,1.3978349999999995
23000,11.012706999999995,1.6094350000000008
24000,12.644419000000006,1.5777259999999995
25000,7.652560999999998,1.6998960000000018
26000,13.923117000000007,1.731547000000002
27000,7.874108999999994,1.7180749999999998
28000,9.497945000000007,1.5648539999999966
29000,6.801359999999992,1.499612999999999
30000,3.5981929999999953,1.4629889999999988
31000,4.603064000000005,1.4799399999999983
32000,4.973682999999993,1.6590570000000002
33000,7.196392000000002,1.4751740000000029
34000,6.090306000000006,1.5182890000000022
35000,13.213565000000022,1.5595890000000008
36000,11.520243000000004,1.9904509999999997
37000,5.587310999999997,1.591369999999999
38000,5.730763999999996,1.5285430000000004
39000,5.663873000000002,1.4579819999999994
40000,3.286186000000001,1.1990379999999998
41000,3.6803900000000023,1.090736
42000,3.127643999999998,1.133782
43000,2.757779000000003,1.1102200000000004
44000,4.604426000000015,1.3361499999999977
45000,8.382815999999995,1.2242059999999986
46000,6.587483,1.2715679999999998
47000,14.518285999999998,1.2508839999999994
48000,4.723220000000004,1.2461170000000008
49000,3.755630000000002,1.2097320000000005
50000,4.3675339999999965,1.1285429999999994
51000,3.6379839999999968,1.22904
52000,3.721845000000002,1.120158
53000,5.204857000000002,1.316694
54000,4.571426999999999,1.2181269999999997
55000,7.673563000000008,1.2648650000000006
56000,3.6818900000000023,1.2135179999999999
57000,5.951774999999999,1.3016819999999996
58000,5.777776000000007,1.1671950000000002
59000,4.150350000000001,1.2320980000000004
60000,3.100571000000002,1.1335469999999994
61000,3.034563999999998,1.1066729999999994
62000,3.987327000000001,1.1131759999999986
63000,4.825943000000001,1.0834020000000018
64000,2.859080000000004,1.1279440000000003
65000,4.079559000000009,1.1417779999999997
66000,6.902502999999986,1.1405280000000002
67000,3.0411420000000016,1.128212999999999
68000,10.314652999999995,1.1292659999999992
69000,6.464384999999997,1.3614499999999983
70000,7.663657000000004,1.3153450000000018
71000,5.044739999999998,1.4347729999999996
72000,7.345801999999993,1.5250480000000008
73000,4.071898999999995,1.270422
74000,7.270079999999995,1.3592570000000017
75000,3.442922999999999,1.263364
76000,12.702936000000008,1.3241550000000022
77000,6.791426999999998,1.3698679999999988
78000,5.245346999999998,1.1968050000000008
79000,4.554094999999997,1.2326520000000012
80000,3.5264129999999945,1.1465130000000008
81000,8.139661000000007,1.2333799999999988
82000,8.961050000000013,1.3754870000000003
83000,5.407784999999997,1.1824069999999987
84000,3.4700620000000004,1.185396000000001
85000,55.196411000000026,1.563412999999999
86000,39.42760099999999,1.4304200000000007
87000,18.729524999999995,1.2804990000000018
88000,3.3442480000000017,1.0730600000000003
89000,2.8429970000000013,1.0672949999999986
90000,3.4241409999999983,1.1144239999999992
91000,4.414358999999995,1.2639139999999986
92000,33.54167999999996,1.429892
93000,12.900025999999992,1.2809750000000015
94000,12.018518000000004,1.3984989999999997
95000,5.313198000000011,1.177298
96000,4.457634000000003,1.4323580000000011
97000,4.897675000000007,1.4780539999999995
98000,7.622199000000007,1.5083079999999995
99000,6.543099999999993,1.3714699999999993
100000,19.120823999999995,1.444165
101000,5.508988000000013,1.0770899999999994
102000,4.487671000000001,1.1180369999999997
103000,2.8483140000000002,1.0698200000000015
104000,7.286721999999996,1.3984219999999985
105000,6.497033000000006,1.6262699999999999
106000,8.757866000000003,1.2142420000000016
107000,3.9327609999999984,1.1716250000000017
108000,7.097035000000002,1.147855000000001
109000,3.2822649999999993,1.148359
110000,7.018795000000007,1.4041759999999994
111000,3.2409989999999986,1.125598
112000,3.1199269999999966,1.117714000000001
113000,4.531956999999996,1.2372980000000005
114000,18.03908200000002,1.6364850000000006
115000,5.695508999999992,1.1033570000000004
116000,6.051559999999993,1.4253700000000018
117000,23.824074999999986,1.4023339999999995
118000,29.407377000000025,1.3699500000000002
119000,6.321165000000008,1.3524409999999984
120000,7.925654999999996,1.3517420000000016
121000,3.5941899999999976,1.3388199999999992
122000,9.932355000000003,1.2813629999999987
123000,4.349790999999996,1.4255229999999965
124000,7.141986000000002,1.2056420000000034
125000,3.9712630000000004,1.145213999999999
126000,6.386235999999997,1.3724679999999991
127000,9.335883000000008,1.852910999999998
128000,12.517046000000022,1.8417120000000011
129000,4.832984000000006,1.7312740000000015
130000,5.900858000000005,1.625849
131000,5.557895000000009,1.7927139999999995
132000,4.0411309999999965,1.6448820000000004
133000,3.6030500000000023,1.6008840000000006
134000,3.6201350000000017,1.7551060000000016
135000,8.872247999999992,1.902942999999998
136000,4.914909000000006,1.5940230000000002
137000,6.533678999999999,1.643325999999999
138000,5.608784,1.8687230000000001
139000,6.3225850000000055,1.7250139999999983
140000,6.1596639999999985,1.8660490000000018
141000,5.038958999999994,1.6929339999999982
142000,5.499762999999997,1.595108
143000,29.787879000000004,2.732833000000002
144000,5.948755000000002,1.715448
145000,4.8655289999999995,1.711867
146000,4.6861419999999985,1.697651000000002
147000,3.879703000000002,1.7059019999999976
148000,10.332780000000009,1.8889459999999991
149000,7.241146000000007,1.834776999999998
150000,4.092159000000004,1.6668320000000005
151000,5.518786999999999,1.7737719999999992
152000,6.891399999999995,1.7519149999999994
153000,7.195232999999994,1.7562100000000005
154000,9.09430300000001,1.754309
155000,10.239865999999989,1.8136870000000023
156000,9.477804999999986,1.9308479999999995
157000,4.214952,1.827566999999999
158000,7.933591,1.7324249999999999
159000,4.256587000000008,1.5941900000000009
160000,6.906869999999994,1.914826000000001
161000,5.143097000000012,1.6844490000000014
162000,8.337349999999992,1.8250230000000014
163000,8.319394999999998,1.6534530000000012
164000,21.317221999999983,1.8136369999999982
165000,7.334407,2.2848140000000043
166000,5.797354999999997,1.9578939999999991
167000,7.390453000000005,1.9595259999999983
168000,4.4141489999999965,1.5997480000000002
169000,5.997687999999994,1.8246619999999962
170000,4.557667999999998,1.62845
171000,6.781584000000003,1.6253590000000022
172000,4.767586000000003,1.641966000000001
173000,6.928433000000001,1.6964470000000005
174000,10.458991000000001,1.8987520000000004
175000,4.436213000000004,1.6213359999999988
176000,4.8053149999999984,1.6996679999999966
177000,32.795170999999996,1.8652810000000024
178000,8.685072999999996,1.6967510000000003
179000,5.123060999999996,1.6547379999999978
180000,4.342884999999995,1.667453999999998
181000,3.981506,1.5713079999999993
182000,4.659918999999997,1.8469460000000015
183000,7.0747330000000055,1.6174830000000013
184000,3.9289279999999986,1.550844
185000,4.423296000000001,1.5703600000000006
186000,3.8733320000000004,1.5401610000000023
187000,3.8718139999999983,1.5519829999999977
188000,5.956496000000003,1.5737980000000011
189000,5.111753999999999,1.5598210000000008
190000,3.9037860000000033,1.5583099999999996
191000,4.36069399999999,1.5590650000000006
192000,12.901807000000002,2.021195999999999
193000,4.846810999999995,1.638423
194000,5.472761999999998,1.5823450000000012
195000,20.567819999999987,1.9497110000000029
196000,29.57461699999999,2.2075169999999993
197000,17.332000000000026,1.9005330000000011
198000,6.621943000000003,1.8100070000000017
199000,8.213204999999999,1.6763260000000013
200000,6.024645999999997,1.6904960000000002
201000,6.646721999999991,1.6566969999999985
202000,26.80813300000001,1.8694870000000035
203000,6.569308999999999,1.6610159999999992
204000,10.619209000000009,1.820781999999999
205000,111.3996690000001,3.2494500000000004
206000,66.69736100000004,2.1498159999999995
207000,12.875209000000018,1.8897420000000005
208000,30.784766999999984,1.8698380000000001
209000,13.388545999999996,2.008160999999999
210000,12.530812999999995,1.8035369999999977
211000,19.63119499999999,1.955724
212000,8.956699000000002,1.8619900000000014
213000,7.838790999999998,1.7869879999999998
214000,9.822957999999996,2.1941049999999978
215000,10.04434799999998,1.7770040000000003
216000,15.441831999999975,2.246742999999998
217000,7.054208999999997,2.1451500000000023
218000,9.166373999999998,1.9897250000000002
219000,6.274455999999997,1.8010330000000003
220000,6.065310999999998,1.744850999999998
221000,22.377302999999994,1.854457
222000,14.465693000000032,1.9635859999999987
223000,5.420973,1.7356600000000002
224000,8.703814000000007,2.0221750000000007
225000,4.902014999999996,1.7677040000000006
226000,10.542133000000012,1.7545209999999978
227000,6.515725000000008,1.7280720000000007
228000,5.402609999999998,1.7471749999999993
229000,6.629966999999994,1.7662420000000019
230000,4.552049000000001,1.7346899999999983
231000,9.386004999999994,1.8248730000000015
232000,7.513818000000001,1.7751980000000005
233000,7.108054000000007,1.7721700000000007
234000,5.774899000000003,1.762103000000001
235000,5.805894000000002,1.7715300000000018
236000,7.827704000000005,1.8025100000000003
237000,6.429990000000011,1.823263000000001
238000,8.879580999999996,1.8144079999999996
239000,6.918279000000004,1.7635170000000011
240000,8.151587000000003,1.7921800000000008
241000,31.349134000000014,1.9253779999999996
242000,20.60207399999997,2.0741880000000017
243000,10.235961000000003,2.0855560000000026
244000,10.400430999999996,1.842318
245000,6.463504000000009,1.809535999999999
246000,6.848746999999996,1.8346379999999975
247000,10.850529999999992,1.8590500000000005
248000,6.1299640000000055,1.7773230000000015
249000,7.93058200000001,2.231159999999999
250000,32.248327999999994,2.0789600000000013
251000,10.815401,1.8217109999999999
252000,4.256835999999995,1.6909719999999984
253000,5.994862000000003,1.717444000000001
254000,9.000960000000001,1.7705459999999995
255000,5.2500259999999965,1.7403699999999982
256000,4.582351999999995,1.716421
257000,6.4018179999999925,1.7742689999999983
258000,8.705081,2.058394999999998
259000,10.11934000000001,1.9121760000000008
260000,5.109153000000001,1.7556060000000007
261000,9.637349000000004,1.7968089999999997
262000,7.485917999999996,1.8125390000000017
263000,4.614287999999997,1.7703449999999998
264000,5.450139000000004,1.7909589999999993
265000,7.804695999999997,1.7707709999999985
266000,8.413657999999995,1.790073
267000,18.209156000000018,1.8653549999999977
268000,6.1331999999999995,1.7969599999999966
269000,4.3234609999999964,1.7703720000000016
270000,5.1386449999999915,1.7699790000000037
271000,5.803026999999996,1.7783199999999968
272000,8.212422999999994,2.0126090000000003
273000,6.5872800000000025,1.762173000000001
274000,16.366595999999987,1.8980319999999995
275000,5.889488000000004,1.8704749999999999
276000,8.500911999999994,1.7965879999999985
277000,5.842252000000004,1.784734999999998
278000,7.936029,1.8020750000000016
279000,7.0073509999999954,1.7725350000000009
280000,7.3897040000000045,1.817691
281000,7.103205999999995,1.8426759999999969
282000,28.325175000000016,2.370368000000004
283000,14.653441000000011,1.8333170000000005
284000,6.740020000000002,1.7571719999999988
285000,4.814853000000002,1.6157139999999992
286000,4.422517000000003,1.6122589999999994
287000,5.207348000000003,1.6254279999999988
288000,4.005088000000006,1.6018600000000003
289000,6.364357000000006,1.6272329999999995
290000,19.756500000000003,1.8230950000000001
291000,4.626095000000002,1.5743360000000037
292000,4.545203999999998,1.5679630000000009
293000,5.230233000000004,1.5616810000000019
294000,4.804787000000001,1.574767
295000,5.306277999999997,1.5900280000000016
296000,16.262587000000003,1.7292929999999997
297000,9.268927000000005,1.6302880000000004
298000,6.992580999999987,1.622202
299000,15.531907000000004,1.7430599999999974
300000,4.120013999999996,1.6820570000000012
301000,4.156591,1.6681870000000016
302000,4.684545999999994,1.6681609999999993
303000,4.946068,1.6838239999999989
304000,5.322309999999995,1.6878310000000014
305000,9.881897999999989,1.7409279999999994
306000,4.637176999999998,1.6399219999999985
307000,5.847471,1.7032319999999985
308000,15.680069000000012,1.7941470000000026
309000,5.42414,1.7212810000000005
310000,8.975926,1.724378
311000,10.370220999999997,1.7728310000000012
312000,4.409746999999999,1.6716920000000002
313000,5.834003000000003,1.6954770000000008
314000,7.844266000000002,1.7153200000000002
315000,4.882442000000004,1.6900789999999997
316000,7.916698000000003,1.712163999999998
317000,7.1617139999999955,1.6878680000000004
318000,16.52485399999999,1.857432
319000,17.62363500000001,1.7091900000000002
320000,5.0721540000000065,1.6344990000000015
321000,11.038614000000015,1.7427720000000002
322000,6.244906000000005,1.6850690000000002
323000,12.962138999999992,1.813088000000002
324000,7.995602999999995,1.8079140000000011
325000,4.7944150000000025,1.615049999999999
326000,11.024876000000004,1.6889809999999998
327000,20.27666600000002,1.8461239999999983
328000,11.602746000000002,1.8697719999999995
329000,8.487507000000008,1.7124600000000019
330000,6.278097999999993,1.627589999999999
331000,5.5380939999999965,1.6233699999999993
332000,11.790539999999993,1.677697999999998
333000,4.639342000000001,1.585886
334000,4.507461999999998,1.6379580000000014
335000,12.416743000000007,1.643271
336000,6.2635259999999935,1.6176559999999989
337000,7.263803000000001,1.6175039999999992
338000,14.184784000000008,1.8231130000000018
339000,9.174268000000021,2.0612080000000006
340000,5.155663000000001,1.6428879999999977
341000,12.747089999999998,1.784106000000002
342000,8.652693999999999,1.9060249999999992
343000,10.22815899999999,1.9829780000000017
344000,11.439631999999998,1.8342289999999979
345000,4.114392999999998,1.637139999999996
346000,6.326237000000011,1.8125400000000012
347000,4.458711000000004,1.670656000000002
348000,14.302970000000013,1.8883210000000028
349000,23.321149000000013,1.9663569999999997
350000,8.446275999999996,1.722594000000002
351000,56.43297099999999,1.7270299999999996
352000,24.498895999999974,1.9459179999999996
353000,57.055197000000035,2.060051999999999
354000,33.69157399999998,2.399368999999997
355000,10.966308,1.959448000000001
356000,6.982669999999997,1.910893999999999
357000,8.867536000000014,1.8096050000000021
358000,6.042297999999998,1.6478529999999991
359000,6.0694150000000056,1.7514920000000027
360000,21.61902400000001,1.9007720000000012
361000,5.67337,1.8723600000000011
362000,4.8067479999999945,1.6968369999999986
363000,6.857697000000014,1.7202750000000007
364000,23.25079100000001,1.8960270000000004
365000,4.399118000000003,1.6336339999999987
366000,8.181826999999995,2.0779070000000024
367000,41.18799799999998,2.39145
368000,4.825588999999997,1.6511940000000023
369000,5.204054999999997,1.6669440000000015
370000,9.896223000000012,1.9232890000000014
371000,7.300026999999994,1.9524949999999965
372000,13.252866000000001,1.825127999999999
373000,8.501291999999998,1.652116
374000,8.503430000000002,1.8735760000000015
375000,24.930733000000018,1.911839999999999
376000,6.069614999999994,1.640139
377000,4.66260099999999,1.7426430000000004
378000,7.764170999999999,1.671862999999999
379000,5.335678000000004,1.6258599999999996
380000,4.516495,1.5827010000000004
381000,5.196131000000002,1.7860169999999977
382000,4.61617099999999,1.6184530000000024
383000,12.805145999999992,2.1605640000000035
384000,6.9200820000000025,1.688817999999999
385000,8.20838200000001,1.6371190000000013
386000,7.760993999999999,1.6975320000000005
387000,7.537360999999998,1.7969810000000013
388000,5.300530999999992,1.5921739999999989
389000,11.426111000000002,2.0087599999999997
390000,5.276573000000002,1.8727149999999977
391000,6.859524999999998,1.8995690000000018
392000,26.31980399999999,2.2906799999999987
393000,30.605025999999988,2.017200000000002
394000,8.403995000000002,1.8287089999999988
395000,6.7885199999999974,1.9543139999999977
396000,6.875610000000002,1.9169830000000005
397000,7.723234999999996,1.714302
398000,5.537556999999994,1.6790950000000011
399000,7.833882000000008,2.023265000000001
400000,6.704777999999997,1.6014010000000007
401000,4.031680999999999,1.5491550000000034
402000,4.739379000000001,1.5971089999999986
403000,7.007033999999989,1.8837959999999978
404000,8.515003000000002,1.7428530000000027
405000,18.397167000000003,1.7995839999999996
406000,8.87819500000002,1.6950180000000026
407000,5.303345000000001,1.578604999999997
408000,4.399203000000002,1.671368000000001
409000,8.591844999999996,1.8832439999999993
410000,8.094051000000002,1.6501720000000033
411000,4.107511000000004,1.5549380000000008
412000,4.812352000000005,1.557484000000001
413000,4.793615000000005,1.5707950000000024
414000,8.263216000000009,1.671414
415000,4.253762000000006,1.5554529999999998
416000,7.323686000000014,1.8104040000000023
417000,4.943619000000001,1.6744249999999992
418000,8.351846,1.8370339999999998
419000,8.484550000000004,1.6431089999999977
420000,3.9214519999999973,1.6027999999999998
421000,49.810776999999995,2.1135949999999983
422000,45.019965000000035,3.024467999999995
423000,5.8100930000000055,2.283848999999998
424000,6.534186000000001,2.100247999999998
425000,4.896525000000003,1.928685000000002
426000,4.922867999999999,1.895294000000002
427000,6.9314239999999945,1.8917519999999988
428000,5.488339000000004,1.8613660000000014
429000,11.96267100000001,2.029608
430000,5.836400999999992,1.9653800000000021
431000,18.768039999999985,1.7732259999999982
432000,9.115665999999987,1.9455460000000007
433000,4.853372999999996,1.8102589999999998
434000,13.828984000000005,1.936229999999998
435000,4.947250000000009,1.762783000000001
436000,8.720673999999983,1.8235880000000022
437000,6.267958000000002,1.5900469999999995
438000,3.7497830000000016,1.5455660000000004
439000,4.166958999999999,1.5549190000000028
440000,4.4010240000000005,1.5883249999999993
441000,4.7636090000000015,1.5588610000000007
442000,4.849402999999994,1.5550170000000012
443000,6.245306999999991,1.5739009999999993
444000,3.7511679999999954,1.563051000000001
445000,4.019596000000001,1.5532840000000006
446000,5.498546999999996,1.574744999999999
447000,5.314654999999992,1.5771150000000016
448000,4.171345000000003,1.5361899999999995
449000,4.068498000000007,1.5556680000000025
450000,27.01061800000001,1.8151820000000038
451000,5.111732999999999,1.5504569999999986
452000,5.619434999999996,1.5846589999999985
453000,6.110818000000002,1.5564170000000004
454000,4.6920610000000025,1.5475430000000008
455000,4.585800000000003,1.5518120000000022
456000,4.740385,1.5620640000000003
457000,4.956449000000002,1.5383440000000026
458000,5.878025999999997,1.5698770000000013
459000,7.531902,1.6679270000000013
460000,5.345478999999994,1.5548370000000016
461000,7.150035999999999,1.5856720000000006
462000,6.475533000000003,1.5661619999999992
463000,4.270989999999998,1.5629290000000002
464000,4.679725000000001,1.574818000000001
465000,5.379068999999993,1.5693860000000026
466000,5.589998,1.5650710000000028
467000,5.397980000000004,1.5546989999999976
468000,10.091683000000009,1.6317959999999982
469000,5.592896999999993,1.5626799999999992
470000,5.878232999999994,1.5588830000000016
471000,6.485463,1.6122729999999998
472000,5.8989730000000025,1.576274000000002
473000,5.542757999999999,1.5700900000000015
474000,6.940486000000004,1.6135970000000006
475000,4.803906000000001,1.574259000000001
476000,19.626179000000004,1.7782769999999988
477000,6.168177000000002,1.6109870000000013
478000,7.210539999999984,1.6561159999999961
479000,17.14192199999999,1.6954380000000007
480000,32.855831000000016,1.7970459999999993
481000,16.898879999999988,1.7507530000000016
482000,10.56335000000001,1.6985370000000002
483000,12.752724000000011,1.6917060000000008
484000,15.073753999999994,2.1219999999999986
485000,13.178928999999997,1.6855680000000004
486000,14.222157999999979,1.7574090000000009
487000,11.572370999999999,1.7164710000000007
488000,10.712214999999999,1.6830049999999994
489000,23.80216499999996,1.7499789999999975
490000,16.85551599999999,1.7422389999999994
491000,17.28253399999997,1.7120290000000007
492000,29.75191000000001,2.1112280000000014
493000,16.256320000000013,1.7614930000000002
494000,10.946134999999991,1.6793500000000003
495000,11.465352000000006,1.6930910000000012
496000,20.338351999999986,1.7879079999999996
497000,9.567642999999991,1.6580610000000013
498000,64.17108099999994,1.9772180000000015
499000,12.886483,1.719943000000001
500000,8.630989,1.6564819999999978
501000,39.44584200000001,1.8081139999999978
502000,13.817501999999998,1.7000900000000014
503000,10.562598999999992,1.687685000000002
504000,27.695055999999965,1.8084560000000005
505000,21.101113999999992,1.7682240000000018
506000,17.891018000000003,1.7655319999999985
507000,29.86069700000002,1.7762940000000005
508000,11.592163999999993,1.718434
509000,15.693306999999997,1.7319490000000002
510000,39.974086000000035,1.9069200000000002
511000,24.01783099999997,1.768608000000001
512000,18.743391000000003,1.763436999999999
513000,26.936815000000042,1.8145800000000007
514000,26.846058999999997,1.785569
515000,28.873615999999974,2.3534560000000018
516000,97.28532600000003,2.292830000000002
517000,19.312075000000004,1.8834690000000016
518000,41.40975400000001,2.024615999999999
519000,18.112013000000005,1.8952469999999981
520000,16.84550800000001,1.886607999999999
521000,17.56611600000002,1.8344829999999983
522000,16.88534500000002,1.8486570000000013
523000,24.57446400000006,1.8776129999999998
524000,16.649088000000003,1.8562789999999991
525000,15.141025999999997,1.8462439999999987
526000,16.16506800000001,1.8015139999999996
527000,20.979407000000016,1.8597510000000013
528000,25.046205999999966,1.8699820000000023
529000,25.090649999999997,1.8881950000000012
530000,12.721256999999985,1.8032800000000015
531000,17.897768000000013,1.8201099999999992
532000,38.737141,2.0031979999999967
533000,16.163615000000007,1.8658309999999996
534000,9.149898000000002,1.8163439999999995
535000,12.51406399999999,1.8171849999999976
536000,17.624611000000005,1.8638090000000007
537000,12.005510000000001,1.8380389999999982
538000,11.075629999999997,1.9466960000000002
539000,21.44067,1.9514590000000012
540000,32.50261799999999,1.8949300000000031
541000,23.065772999999965,1.8228459999999984
542000,20.96307700000002,1.804339000000002
543000,13.478746000000031,1.7471050000000037
544000,20.544759000000028,1.7662679999999988
545000,17.682286000000012,1.7309329999999994
546000,30.668426000000018,1.859038999999999
547000,14.697508000000012,1.7440289999999998
548000,15.841026999999986,1.731135999999999
549000,16.080935000000004,2.2062079999999984
550000,16.159649999999992,1.723385000000001
551000,13.515259999999973,1.678567999999999
552000,21.790245000000002,1.783919000000001
553000,14.180482000000017,1.7199560000000003
554000,16.105519999999995,1.713321
555000,20.121265999999988,1.7336160000000012
556000,26.644048000000037,1.9040380000000006
557000,19.96164700000002,1.805280999999999
558000,13.643842000000006,1.7495730000000003
559000,25.433526000000047,1.9274079999999982
560000,75.90177899999996,1.890858000000001
561000,29.782670000000024,1.7929139999999995
562000,25.490451999999983,1.7399559999999998
563000,17.142468999999984,1.7011099999999995
564000,12.559851000000023,1.6846589999999997
565000,17.55825800000002,1.7042099999999993
566000,26.840094999999966,1.8381300000000016
567000,16.52563300000001,1.7036729999999987
568000,15.128868000000015,1.6938070000000012
569000,19.412033000000008,1.7476840000000007
570000,15.868526000000012,1.695539000000002
571000,16.71801099999999,1.6997109999999986
572000,48.01205500000007,1.8367280000000006
573000,17.475163,1.726573000000001
574000,19.830790999999998,1.794769999999997
575000,21.105483999999993,1.8273390000000012
576000,19.06231199999998,1.7771299999999992
577000,12.709681000000021,1.6704470000000025
578000,15.677444000000014,1.8702790000000022
579000,10.32467799999999,1.6635630000000003
580000,22.08339300000001,1.7580610000000003
581000,26.600366000000026,1.8156360000000005
582000,16.12711399999999,1.740966
583000,14.263826999999985,1.7047970000000006
584000,14.47577299999999,1.7293939999999999
585000,18.62079200000001,1.739827000000001
586000,20.00344700000002,1.7878379999999998
587000,15.765709000000014,1.7736140000000002
588000,19.945913000000004,1.8568830000000023
589000,21.12141600000004,1.7758950000000002
590000,15.547457000000016,1.721832
591000,15.81352599999999,1.7480810000000013
592000,15.544490999999992,1.791626000000002
593000,11.418427000000005,1.6853839999999989
594000,13.214875,1.7432280000000004
595000,15.952837999999986,1.7237969999999994
596000,17.84129800000002,1.7323300000000001
597000,10.751696999999998,1.6750670000000036
598000,16.72102099999999,1.7937040000000017
599000,13.17561000000002,1.694567000000001
600000,15.298541999999971,1.7408689999999971
601000,11.914295999999995,1.7476420000000015
602000,13.31098500000002,1.6693189999999998
603000,19.002307000000005,1.754488
604000,18.409559999999967,1.7463380000000022
605000,12.029477999999996,1.6840419999999992
606000,11.579931999999996,1.6685049999999992
607000,9.360046000000004,1.657085000000001
608000,19.355741000000027,1.7947599999999986
609000,11.539473,1.7092650000000016
610000,20.77416800000002,1.768762999999999
611000,15.39038200000001,1.7058970000000004
612000,14.754629999999997,1.7393430000000019
613000,13.28911200000004,1.6847689999999993
614000,14.173643000000009,1.7231280000000013
615000,11.168260999999994,1.6576089999999997
616000,15.918625999999994,1.734226000000002
617000,15.925235000000008,1.7272589999999983
618000,14.003773000000011,1.7117499999999988
619000,11.647722999999994,1.689250000000003
620000,19.512777999999944,1.874586999999998
621000,21.63727600000002,1.8393539999999973
622000,18.335896999999978,1.874254999999997
623000,19.354671999999976,1.8553960000000007
624000,9.143517000000008,1.7536320000000003
625000,10.08568,1.7769510000000008
626000,14.728800999999988,1.831997999999999
627000,22.350224000000015,1.863663
628000,9.424996000000002,1.7717809999999994
629000,11.900388999999983,1.787909000000002
630000,14.506056999999993,1.8438170000000016
631000,12.984596000000014,1.8463650000000003
632000,13.888530000000005,2.109929000000003
633000,9.068086000000005,1.7628630000000005
634000,6.439398000000003,1.710386000000003
635000,8.269948000000003,1.7400980000000008
636000,10.045313000000007,1.7533910000000001
637000,14.17635400000001,1.8290900000000005
638000,10.120191000000005,1.7634260000000013
639000,7.620151999999999,1.7774670000000012
640000,8.996357999999995,1.785136000000003
641000,9.86884599999998,1.7824220000000015
642000,11.510094999999989,1.8046039999999985
643000,19.629194000000005,1.8673979999999992
644000,7.484020999999994,1.8320610000000026
645000,9.403524999999984,1.7757229999999997
646000,7.2227980000000045,1.7409619999999986
647000,7.105491999999993,1.7415329999999987
648000,8.743206000000006,1.8347600000000008
649000,9.715296000000011,1.792810000000002
650000,6.009043000000006,1.7676749999999997
651000,8.24570000000001,1.8074690000000042
652000,6.572510999999996,1.7551309999999976
653000,9.881261999999987,1.763308
654000,9.181790999999993,1.7759279999999995
655000,10.928578000000005,1.8335660000000014
656000,7.455065000000007,1.7762249999999982
657000,10.698122000000016,1.7955620000000017
658000,8.982813,1.7960020000000017
659000,7.6071570000000035,1.7343569999999997
660000,20.980959999999968,1.8776450000000005
661000,14.59422000000001,1.7864129999999998
662000,9.517558000000012,1.7586470000000005
663000,8.654395000000005,1.7320130000000005
664000,7.390640000000015,1.7723399999999998
665000,13.404088999999997,1.7822209999999985
666000,9.366295000000006,1.768092999999999
667000,23.15549100000004,1.9304310000000016
668000,8.683368000000005,1.8082890000000031
669000,7.531421000000003,1.781815000000001
670000,10.248615000000024,1.7622970000000027
671000,9.704762999999998,1.753325
672000,6.780483999999998,1.7524270000000006
673000,6.499570000000012,1.7703719999999998
674000,7.064754000000003,1.7903159999999998
675000,8.038747000000004,1.7705130000000016
676000,6.460137999999999,1.7381959999999994
677000,15.160238000000003,2.2214249999999973
678000,9.634911000000006,1.8085209999999985
679000,9.262142000000006,1.8066870000000006
680000,9.49081300000001,1.8184420000000008
681000,23.016913000000027,2.1072670000000024
682000,16.792952000000007,1.8664330000000025
683000,45.929112,1.993237999999997
684000,11.509937999999977,1.838123
685000,7.338679000000002,1.7972900000000007
686000,9.466831999999998,1.784186000000001
687000,13.355109999999977,1.8121019999999965
688000,21.166740000000004,2.345145000000002
689000,7.024209999999992,1.7939680000000027
690000,9.307526000000006,1.871977999999999
691000,6.636141999999996,1.7892040000000005
692000,7.50885499999999,1.7884119999999981
693000,7.035056999999999,1.7954289999999988
694000,9.82430399999999,1.8292570000000015
695000,9.878280000000002,1.7934620000000014
696000,8.919175000000006,1.8085179999999996
697000,7.851103000000008,1.7958390000000009
698000,9.142311999999997,1.8021210000000014
699000,19.608731000000013,1.9141629999999972
700000,17.325810999999987,1.8405040000000001
701000,15.29067600000001,1.8696699999999984
702000,8.132491000000007,1.8329210000000007
703000,10.578875999999998,1.8661279999999985
704000,14.598384999999999,2.1185359999999998
705000,13.15445,1.8072890000000006
706000,15.358856000000012,1.9141059999999992
707000,11.289343000000008,1.8211519999999977
708000,8.47690200000001,1.8196949999999994
709000,17.879813000000016,2.120613999999997
710000,15.853818000000004,1.9101069999999978
711000,18.661528000000004,1.891893999999998
712000,20.311486999999993,1.9357789999999975
713000,23.394819999999985,2.1006269999999994
714000,16.77532099999999,1.8351810000000017
715000,19.70235899999999,2.012913999999999
716000,19.713559000000007,1.9452250000000002
717000,13.224577000000002,1.8723069999999988
718000,11.388892999999987,1.8439939999999995
719000,34.77425400000004,2.190995999999997
720000,15.884162999999981,1.848522999999999
721000,18.79073399999999,1.9162980000000005
722000,10.017496000000023,1.8061560000000019
723000,9.051418,1.777932000000002
724000,9.795482999999994,1.7683670000000005
725000,9.287505,1.756432999999999
726000,28.76606300000002,1.922696000000003
727000,16.804244000000004,1.9295729999999995
728000,14.346299000000009,1.8285270000000002
729000,11.304887000000006,1.8290700000000009
730000,13.656872999999992,1.9541290000000002
731000,11.185101,1.8269339999999998
732000,10.77876900000001,1.8283090000000009
733000,10.460845000000004,1.8217660000000004
734000,18.79987999999999,1.8970950000000029
735000,8.724813000000006,1.792059
736000,11.644907999999992,1.8110170000000017
737000,8.678527000000006,1.8255759999999996
738000,10.766654000000006,1.8318800000000006
739000,17.88364999999999,1.902222000000001
740000,10.135389000000005,1.8359710000000002
741000,13.213544999999987,1.866581999999998
742000,10.400182999999993,1.8240889999999998
743000,10.38828799999999,1.8204080000000002
744000,16.68892200000002,1.907196
745000,10.284515999999998,1.8304700000000003
746000,19.784575999999994,1.897660999999999
747000,8.465537999999995,1.8441809999999978
748000,13.292882999999987,2.06937
749000,10.344432999999988,1.8444629999999995
750000,12.451154000000006,1.8234190000000008
751000,14.552350999999998,2.1367610000000004
752000,16.745195999999968,2.170164000000002
753000,11.095884000000012,1.9386180000000002
754000,10.760961000000014,1.8472900000000008
755000,13.253620000000021,1.8463980000000013
756000,10.812754000000012,1.8429640000000007
757000,13.645130000000005,1.8422269999999965
758000,14.741860999999997,1.920404000000001
759000,18.594293000000008,1.9113279999999986
760000,16.699665000000003,1.887836000000001
761000,13.821015000000045,2.283646999999997
762000,15.685286999999992,1.8731809999999993
763000,10.48364900000002,1.9092030000000002
764000,23.61592100000002,1.9438130000000002
765000,22.82232499999997,2.010001999999999
766000,10.914156,1.9399110000000015
767000,10.032886999999992,1.9494050000000007
768000,14.764340000000004,2.0101149999999994
769000,10.789402000000008,1.7906880000000012
770000,9.446958999999998,1.8278189999999976
771000,9.933121000000018,1.8296459999999997
772000,11.412756999999997,1.855960999999999
773000,11.926939000000012,1.9682800000000005
774000,10.024605000000008,1.9256340000000025
775000,10.792350999999996,1.8412350000000006
776000,13.082018000000014,1.8250899999999997
777000,12.432794000000008,1.8226589999999983
778000,15.01241600000001,1.9387640000000008
779000,12.864428999999983,1.8502009999999998
780000,16.689581999999987,1.8595260000000002
781000,10.961905000000026,1.8616320000000006
782000,16.043571000000007,2.2426
783000,9.320562000000004,1.7957249999999985
784000,11.272655999999984,1.8254860000000013
785000,10.180638000000013,1.8078839999999994
786000,23.287220000000023,1.9783299999999968
787000,11.70139699999999,1.9511099999999988
788000,10.211328000000009,1.812817000000002
789000,8.803943000000006,1.8116890000000008
790000,7.1061749999999995,1.8119489999999983
791000,8.457611999999997,2.15872
792000,10.82284099999998,1.8219940000000014
793000,7.91290199999999,1.818953000000003
794000,7.8504250000000075,1.7821119999999997
795000,6.875514999999997,1.8084190000000013
796000,7.392036999999998,1.7572830000000028
797000,8.125468000000001,1.8240070000000006
798000,11.826802999999993,1.8441809999999987
799000,6.756626999999994,1.7861400000000018
800000,7.428885999999998,1.7869949999999997
801000,6.774669000000005,1.771553000000001
802000,9.532034000000001,1.851534000000001
803000,16.393314999999998,2.263416999999999
804000,17.743009000000015,1.8711109999999993
805000,11.737009999999994,1.863773999999999
806000,17.070357999999985,1.8621820000000002
807000,22.833088000000025,1.9756480000000016
808000,20.757887999999994,1.9436099999999983
809000,14.291035000000004,1.9194479999999978
810000,9.472123999999969,1.839769999999999
811000,11.205907000000007,1.861642999999997
812000,7.194566000000005,1.817167999999997
813000,8.188028999999995,1.841557999999998
814000,7.027335000000006,1.8234669999999995
815000,5.999150000000004,1.7854859999999992
816000,7.360516000000002,1.776472999999999
817000,6.888267999999989,1.805626
818000,12.691382000000017,1.8687060000000004
819000,11.998745999999993,1.8289200000000014
820000,9.051509,1.7617849999999988
821000,7.7768099999999984,1.7855370000000004
822000,18.97699,2.0114699999999996
823000,12.221017000000018,1.8005720000000016
824000,9.999098000000002,1.787645000000001
825000,9.464640000000003,1.7996740000000004
826000,18.33503899999999,1.8382530000000012
827000,23.949834,1.8340369999999995
828000,13.934789000000004,1.7828100000000004
829000,12.708551999999997,1.7991540000000001
830000,9.664723999999984,1.7868069999999994
831000,19.502995000000027,1.846251999999999
832000,8.019647,1.7864279999999997
833000,7.580956000000007,1.7956340000000008
834000,10.732550000000014,1.8120529999999981
835000,8.372974000000005,1.8395750000000042
836000,12.885289000000009,1.881050000000001
837000,6.628851000000001,1.7552689999999966
838000,9.623862999999986,1.799481000000002
839000,7.7419600000000015,1.7435330000000022
840000,6.808730000000006,1.7566780000000026
841000,7.406296000000006,1.780508000000002
842000,22.391005000000007,3.0064999999999995
843000,7.669440000000004,1.759706000000001
844000,8.781695000000006,1.7916419999999957
845000,7.778205000000002,1.8028320000000002
846000,13.822639000000036,1.8448140000000017
847000,8.850489999999995,1.8335879999999984
848000,23.876634000000003,1.926291000000002
849000,12.062378000000017,1.867732999999999
850000,10.830532000000005,1.7859110000000016
851000,13.393496999999984,1.8595119999999998
852000,13.153054999999995,1.8307319999999994
853000,17.111267999999995,1.8761430000000014
854000,11.89195399999997,1.8668839999999975
855000,7.129912999999994,1.8218159999999999
856000,10.444302000000008,2.1429149999999995
857000,7.0779049999999994,1.7753799999999995
858000,7.718509999999998,1.776227000000003
859000,8.951280999999984,1.7961219999999998
860000,8.282999000000007,1.7549569999999988
861000,14.152916999999997,1.8286359999999988
862000,11.551062000000002,1.8367469999999986
863000,7.213738999999992,1.7238279999999997
864000,10.818928000000003,1.8222859999999992
865000,7.343848999999995,1.796069999999999
866000,8.824131000000003,1.7414899999999998
867000,7.1181339999999995,1.7262979999999986
868000,9.788300000000003,1.8638889999999992
869000,6.894421000000003,1.7431240000000006
870000,7.746876000000003,1.7323090000000008
871000,5.1377539999999975,1.7423440000000001
872000,5.757475999999995,1.7696059999999998
873000,6.114929000000002,1.7548350000000001
874000,9.116155999999982,1.8063069999999957
875000,12.785676000000002,1.8180649999999983
876000,13.913495000000001,1.8297019999999995
877000,10.507425999999995,1.7713379999999999
878000,12.188899999999993,1.8160199999999975
879000,8.300777999999998,1.733781000000001
880000,19.321884999999952,1.9255550000000012
881000,8.723617000000008,1.7936139999999998
882000,11.737743000000005,1.8103699999999978
883000,5.588604000000006,1.727393999999998
884000,6.604235000000001,1.7714140000000023
885000,10.334827000000011,1.7810509999999995
886000,7.736317000000002,1.7447289999999975
887000,6.440120000000006,1.7193150000000024
888000,6.864284999999999,1.7559979999999988
889000,8.012443000000003,1.760244000000002
890000,6.523364999999995,1.7606900000000014
891000,5.955504000000007,1.7437009999999982
892000,9.024261999999991,1.8358280000000007
893000,7.284412000000001,1.7442759999999995
894000,5.784671999999994,1.7823770000000014
895000,6.008426999999999,1.6988689999999997
896000,7.746963000000004,1.7257499999999992
897000,6.235502999999994,1.7310290000000006
898000,6.366000000000001,1.726628999999997
899000,6.5527669999999905,1.7768040000000007
900000,13.636467000000005,1.7639870000000002
901000,6.1613060000000015,1.7217609999999997
902000,11.753597999999998,1.7826439999999981
903000,5.900387,1.7335199999999966
904000,6.375709000000002,1.762768999999998
905000,6.070579000000004,1.7192900000000024
906000,9.821717000000007,1.8288659999999977
907000,5.449777999999996,1.761183
908000,4.842091000000005,1.768029000000002
909000,10.188329000000003,1.7779839999999976
910000,21.480428000000032,1.8539560000000013
911000,24.351906999999947,1.8894030000000008
912000,12.560768000000003,1.7976670000000001
913000,13.984736000000005,1.8184949999999995
914000,12.198160000000025,1.7751610000000004
915000,11.004090000000009,1.7775679999999996
916000,13.864553999999996,1.838941999999999
917000,12.624151999999992,1.8257610000000004
918000,17.897252000000023,1.8687110000000007
919000,18.110015000000004,2.0907319999999983
920000,16.227281000000005,1.836486000000001
921000,9.874704999999986,1.7711849999999976
922000,13.091069999999982,1.9097390000000016
923000,15.048496999999998,1.8717070000000005
924000,15.735912999999996,1.8550860000000005
925000,14.150143999999981,1.8098309999999982
926000,24.645513000000022,2.307898999999994
927000,19.041490999999994,1.8921099999999993
928000,13.498913000000014,1.8646899999999986
929000,19.230683999999997,1.952480000000002
930000,13.054175000000008,1.8398670000000004
931000,9.852261999999994,1.7754030000000005
932000,25.141860000000023,1.869703999999999
933000,35.493301000000045,2.674414000000002
934000,26.349275000000002,1.9373380000000022
935000,15.198723000000012,2.229762000000003
936000,16.501984000000004,1.925808
937000,15.587296999999998,1.9491519999999989
938000,25.369692999999987,2.005163000000003
939000,13.643149000000008,2.097194
940000,12.50776299999999,1.8432739999999987
941000,14.967587999999981,1.8372400000000013
942000,27.394168999999955,1.9831320000000006
943000,37.67548200000005,2.0656729999999994
944000,16.616055000000003,2.076851
945000,10.423312000000015,2.1609320000000047
946000,11.580794999999998,1.8692579999999983
947000,15.527198,1.8995569999999984
948000,24.98328399999999,1.9116969999999995
949000,10.887375999999994,1.8164459999999993
950000,11.256449999999994,1.8098920000000003
951000,13.673770000000006,1.8604209999999999
952000,9.261352999999994,1.8323529999999995
953000,19.35445100000003,1.9963870000000012
954000,13.782956999999993,1.8730610000000012
955000,15.08026,1.9286950000000018
956000,10.117315999999988,1.8253719999999984
957000,16.346639999999976,2.2211700000000025
958000,24.76463300000003,1.9397939999999991
959000,10.581511,1.881422000000003
960000,21.02873699999999,2.1047770000000017
961000,22.889884999999996,2.1221019999999977
962000,21.092597999999978,1.9616359999999984
963000,24.213119999999982,2.2439169999999993
964000,23.91860099999998,1.9073450000000018
965000,26.826563,1.9450180000000015
966000,20.03238000000002,1.920676000000001
967000,12.744343999999995,1.8613389999999974
968000,20.241859000000023,1.950072999999999
969000,20.400645000000022,1.9062600000000003
970000,12.229858999999994,1.886767000000001
971000,11.372771999999992,1.896533999999999
972000,30.761899999999994,2.0552710000000003
973000,12.04182399999999,1.8704340000000006
974000,11.769518999999994,1.880154000000002
975000,7.084214000000002,1.796693999999999
976000,13.476892999999999,1.890849000000001
977000,6.682797000000002,1.791857999999999
978000,9.216172000000006,1.8558789999999998
979000,13.588770999999987,1.8611319999999991
980000,8.906129000000007,1.7887100000000005
981000,17.591679000000006,1.8572649999999997
982000,14.137335000000018,1.825751000000002
983000,18.048775000000013,1.889851
984000,31.59073699999999,2.8881159999999984
985000,17.161571000000002,1.892888999999998
986000,17.98478100000002,1.9096099999999985
987000,19.383965000000014,2.342077000000002
988000,15.634754000000004,1.8921720000000017
989000,17.642096000000006,1.9384500000000005
990000,14.595057000000002,1.907218999999999
991000,14.036341000000007,2.1767139999999996
992000,11.867984999999992,1.8690730000000013
993000,11.493683999999991,1.834325
994000,18.985599999999987,1.9006200000000024
995000,17.23348900000001,1.9396599999999993
996000,14.253587000000012,1.8722870000000003
997000,18.84060900000002,1.9063759999999996
998000,22.497466,1.9190620000000032
999000,12.238784000000008,1.8574860000000042
1000000,18.030307999999998,1.8606270000000007
1001000,19.924949000000016,1.8969470000000002
1002000,22.445488000000005,1.9252030000000022
1003000,19.31720900000002,1.8692540000000017
1004000,16.308511999999993,1.8783769999999995
1005000,33.377275999999995,2.0030079999999995
1006000,13.075722999999982,1.9280000000000015
1007000,13.718754999999986,1.8954650000000002
1008000,17.765725000000007,1.8658880000000004
1009000,14.375569000000013,1.8690770000000028
1010000,17.756593999999996,1.890186
1011000,34.97906199999997,1.9507609999999977
1012000,23.594341999999997,1.8953919999999984
1013000,32.351457999999944,1.9521119999999967
1014000,32.95336800000003,1.9540670000000013
1015000,30.45893900000003,2.4829189999999963
1016000,26.177746999999986,1.928315999999999
1017000,37.92029599999993,2.053733000000001
1018000,16.008073999999997,1.834186
1019000,20.965796000000026,1.8733029999999964
1020000,28.413965999999967,2.042608000000001
1021000,29.512693000000002,1.9703650000000001
1022000,23.28047000000001,1.927543000000001
1023000,28.115130999999998,1.9127649999999992
1024000,23.271124000000015,1.914497000000001
1025000,27.51892400000002,2.2640729999999993
1026000,19.351116,1.8704630000000018
1027000,34.167352999999984,1.9917590000000003
1028000,18.26238700000004,1.8981749999999975
1029000,14.422712,1.8795209999999984
1030000,20.325742000000012,1.9123329999999998
1031000,11.905368000000013,1.796885000000003
1032000,14.475262000000004,1.8320019999999984
1033000,10.931832999999989,1.7897310000000022
1034000,26.058629999999976,2.015382000000001
1035000,20.62040499999999,1.883887000000001
1036000,8.582201999999997,1.8081409999999989
1037000,10.679308000000002,1.8459979999999991
1038000,17.845651999999998,1.848852999999999
1039000,15.007788000000016,1.8404049999999998
1040000,18.751010000000022,1.8762520000000018
1041000,22.40434000000003,1.9661480000000016
1042000,21.129090000000033,1.8836740000000027
1043000,19.060812999999992,1.9012240000000002
1044000,13.370659999999978,1.832657999999999
1045000,13.085657,1.8040230000000033
1046000,14.88954,1.817252999999997
1047000,14.169250000000005,1.8388599999999982
1048000,19.36922699999998,1.939371000000002
1049000,17.139193,1.8703740000000013
1050000,12.764927000000007,1.8160609999999995
1051000,12.245967000000013,1.800543999999997
1052000,19.52405000000003,1.937996999999999
1053000,14.561512000000004,1.804908
1054000,17.60832499999998,1.827648999999999
1055000,13.550899000000015,1.7951239999999977
1056000,17.438012000000008,2.2011980000000007
1057000,14.389950999999982,1.8168380000000002
1058000,14.129065000000013,1.8068599999999995
1059000,15.544801000000028,1.8307180000000003
1060000,25.28937500000002,1.8550829999999996
1061000,19.983502999999995,1.8773889999999993
1062000,23.96777699999999,2.3049099999999987
1063000,13.813245000000025,1.8369340000000014
1064000,15.413990000000005,1.84866
1065000,23.109086999999985,2.308271999999999
1066000,25.10815000000002,3.815339999999998
1067000,20.802642000000006,2.1630599999999975
1068000,26.666608000000007,3.201842
1069000,24.02394300000002,2.0881609999999973
1070000,29.211172000000023,2.1699459999999995
1071000,19.497772000000015,1.967821999999999
1072000,44.09050699999992,2.1876060000000006
1073000,14.617503000000001,1.9134519999999997
1074000,30.225567999999956,1.9952619999999992
1075000,16.47649899999999,1.9486780000000017
1076000,14.065992999999999,1.8648490000000002
1077000,17.837610999999995,2.0385190000000035
1078000,14.719685999999996,1.9929630000000018
1079000,18.491885000000007,1.988647999999998
1080000,18.404009000000016,1.9347170000000007
1081000,13.492009000000008,1.8771050000000018
1082000,18.190910999999986,1.9923909999999994
1083000,40.877791999999985,2.0518450000000015
1084000,37.13983100000002,2.4170870000000013
1085000,17.98517900000002,1.9140709999999999
1086000,15.557491000000011,1.8513070000000018
1087000,22.058099999999992,2.462930999999995
1088000,23.019836000000033,2.008709
1089000,56.69565299999999,2.065945999999998
1090000,22.85231899999996,2.047343
1091000,20.892685999999998,2.038983999999999
1092000,30.562928999999954,2.0334239999999983
1093000,42.26525800000002,2.2260189999999995
1094000,46.764375999999956,2.1176619999999993
1095000,29.437568000000017,2.250399
1096000,22.104615999999996,1.942463000000001
1097000,31.183709000000032,1.9995450000000023
1098000,50.61380600000001,2.0257799999999975
1099000,42.25028699999998,2.4025759999999985
1100000,41.75033799999998,2.0564890000000005
1101000,35.59506699999997,2.017306
1102000,40.077524999999966,2.4829920000000003
1103000,22.810126000000025,1.9597029999999984
1104000,37.249364000000035,2.133108000000001
1105000,22.766283999999974,2.0091159999999992
1106000,49.135092999999934,2.035642999999999
1107000,56.66450400000002,2.1117459999999975
1108000,33.77327299999998,1.9388039999999978
1109000,48.504877,2.154115
1110000,45.21802300000001,2.0468820000000028
1111000,20.048429000000024,1.9183179999999995
1112000,22.179649999999995,1.9843760000000013
1113000,33.899444000000024,2.0509459999999993
1114000,20.093255000000013,1.9341830000000002
1115000,23.658461000000013,1.9767749999999977
1116000,17.827289999999994,1.9012230000000023
1117000,14.867884999999998,1.8812989999999987
1118000,30.82667400000003,1.9387119999999982
1119000,37.82810900000001,1.9614150000000006
1120000,23.33201999999999,1.988720000000002
1121000,15.23696099999999,1.8905850000000008
1122000,51.17857199999999,2.077813999999997
1123000,35.41241200000002,1.9295230000000005
1124000,39.462274999999934,1.9492059999999942
1125000,33.114952999999986,2.1057690000000027
1126000,40.58813199999999,2.033755000000001
1127000,57.84898700000008,2.0967230000000017
1128000,36.12586400000002,1.997735999999997
1129000,40.854403999999995,1.9622299999999993
1130000,34.521741999999975,1.9765300000000008
1131000,42.922729000000054,1.9579579999999999
1132000,44.31591299999993,2.397699000000001
1133000,37.666177999999924,1.970438999999996
1134000,64.19313600000007,2.0994790000000023
1135000,47.00134500000001,2.056026999999998
1136000,27.20333400000005,1.947036999999998
1137000,51.316145999999996,2.0162440000000004
1138000,35.65463199999999,2.422500999999999
1139000,34.35018299999995,1.9224580000000004
1140000,45.212639,2.0143660000000025
1141000,61.05889799999994,2.367184
1142000,25.31445799999998,1.9131120000000008
1143000,34.48302000000002,2.0090259999999964
1144000,25.072750000000006,2.372870999999998
1145000,27.89740100000004,1.9181929999999996
1146000,25.298105999999997,1.9259920000000004
1147000,27.69860099999998,1.9174609999999983
1148000,32.186887000000006,2.2915000000000005
1149000,54.839795000000024,2.559603
1150000,28.41973599999998,1.897769999999997
1151000,37.22636,1.9818569999999995
1152000,33.570004999999995,1.9295049999999978
1153000,44.39135599999997,2.1175319999999997
1154000,38.808681999999976,1.976317
1155000,32.57754799999999,1.9275360000000021
1156000,44.08952999999994,3.6342720000000037
1157000,45.327510999999966,3.204259999999999
1158000,29.578280000000003,2.516177999999999
1159000,38.932651000000014,2.464689
1160000,22.936783000000023,2.0469919999999986
1161000,24.35712900000003,2.3123590000000007
1162000,35.69469500000003,2.392618
1163000,39.22723300000003,2.7184770000000005
1164000,33.38373699999998,2.3818699999999997
1165000,46.25499399999998,3.0788730000000006
1166000,27.68149500000001,2.335667999999999
1167000,43.176344999999976,2.156824999999999
1168000,35.25484,1.9577259999999985
1169000,37.583454000000025,2.0517139999999974
1170000,30.78875900000001,2.0298549999999995
1171000,30.069952999999977,2.009249999999998
1172000,25.22255000000002,2.0519299999999987
1173000,43.750036000000044,2.0959580000000018
1174000,22.84710699999999,2.0151850000000002
1175000,31.509725999999976,2.4574609999999977
1176000,21.89749699999998,1.893074999999999
1177000,20.640438999999997,1.8737189999999984
1178000,27.039395999999993,1.9402910000000024
1179000,15.357081000000031,1.8356850000000005
1180000,22.220247999999994,1.8935279999999968
1181000,22.343048,1.8973890000000002
1182000,32.10821799999998,1.9901469999999999
1183000,55.88173499999997,2.0765990000000016
1184000,52.32657899999996,2.0871410000000017
1185000,30.707571999999995,1.9499100000000005
1186000,34.885083000000066,2.6194439999999983
1187000,33.930757,1.9627220000000016
1188000,79.17913099999994,2.821818000000001
1189000,63.143208000000016,2.0516249999999996
1190000,33.838707999999976,1.9569839999999987
1191000,32.889946,1.9376740000000001
1192000,32.15270499999998,1.8982299999999976
1193000,36.20502200000005,1.970212999999999
1194000,33.87535,1.9026519999999998
1195000,45.67879699999995,1.9791690000000015
1196000,27.247669000000016,1.972306000000001
1197000,40.27392000000001,2.021788000000002
1198000,31.497468999999995,1.8925190000000003
1199000,42.09699300000003,1.9248649999999992
1200000,26.051140999999998,1.8861009999999987
1201000,56.503830000000036,2.107235000000002
1202000,30.99527799999999,2.060310999999999
1203000,23.92949799999998,1.911434000000001
1204000,23.640748000000002,1.9608459999999999
1205000,49.80901400000002,1.9749930000000013
1206000,35.599900000000055,1.8998889999999988
1207000,47.45985499999997,1.9648619999999988
1208000,35.86709199999995,1.9334770000000001
1209000,40.51840499999998,2.1323440000000016
1210000,25.153743999999982,1.8831650000000026
1211000,37.38296899999998,2.431390000000003
1212000,34.11215500000001,2.0477760000000016
1213000,45.06532599999999,1.9383889999999977
1214000,39.776033,1.9795900000000004
1215000,38.05676999999997,2.171181999999999
1216000,35.65885099999998,1.9629269999999979
1217000,36.59417900000005,1.982422
1218000,36.47447500000005,1.9709269999999994
1219000,51.16585500000001,2.63475
1220000,54.988867999999975,2.0298080000000005
1221000,45.57751599999998,2.028427000000001
1222000,40.115115999999944,1.944715000000001
1223000,28.948117000000003,1.925396
1224000,35.29753500000002,2.0162820000000017
1225000,46.977794999999986,1.9517269999999995
1226000,52.45418400000002,2.076593000000001
1227000,31.69473600000003,1.9574949999999984
1228000,50.359076999999985,1.947851999999997
1229000,42.47267399999999,2.2267439999999996
1230000,33.37674100000002,1.8184309999999988
1231000,35.88843700000001,1.7841060000000006
1232000,41.014004000000035,1.8379880000000017
1233000,31.972004000000013,1.7777049999999988
1234000,58.44929200000002,1.8281970000000016
1235000,51.088667000000015,1.8966419999999993
1236000,28.38536599999998,1.775865999999999
1237000,37.40658700000002,2.274326
1238000,40.26341400000002,1.8034900000000007
1239000,41.470214000000055,1.8110020000000002
1240000,49.101581000000024,1.8834789999999988
1241000,31.941993000000007,1.7816719999999988
1242000,34.120487999999995,1.9271360000000022
1243000,24.56286799999998,1.75747
1244000,30.057978000000006,1.7831579999999994
1245000,28.36774099999998,1.7711140000000019
1246000,29.763278000000064,1.7345139999999981
1247000,39.76882699999996,1.7797150000000026
1248000,38.87672100000004,1.8019239999999996
1249000,37.05120199999999,1.8551419999999994
1250000,51.77168599999995,2.0861369999999995
1251000,41.296011999999976,1.8007570000000004
1252000,39.873813000000055,1.802416000000001
1253000,34.657243000000015,1.8443860000000005
1254000,27.71409400000002,1.746347000000001
1255000,35.55351599999995,1.844568999999997
1256000,24.346407999999965,1.7347409999999996
1257000,46.86871999999998,1.9925979999999992
1258000,19.691081999999994,1.9063649999999974
1259000,34.676351999999994,2.2579119999999997
1260000,23.647533999999972,1.8638120000000016
1261000,37.54841199999999,1.9443230000000007
1262000,33.920423,1.8962899999999987
1263000,45.97244199999996,1.964829
1264000,38.522270000000034,2.001111999999997
1265000,42.059201000000044,1.9554539999999996
1266000,39.671610999999984,2.194334999999995
1267000,29.923228000000016,1.9183909999999982
1268000,43.307491000000006,2.005326000000001
1269000,38.44695100000002,2.3817340000000002
1270000,31.052792999999973,1.8954180000000012
1271000,33.54263100000003,1.9782770000000005
1272000,21.82172700000004,1.8610680000000006
1273000,35.339742,1.9691860000000014
1274000,28.54289699999999,1.873479000000001
1275000,26.82291900000005,1.958283999999999
1276000,30.399460000000005,3.231365999999998
1277000,40.68123499999999,2.825722999999998
1278000,22.75859499999998,1.9596090000000008
1279000,29.691663000000027,2.277927999999998
1280000,42.18992799999993,2.4901019999999994
1281000,54.14656700000007,2.1869869999999985
1282000,25.560607000000008,2.2460440000000004
1283000,26.239564000000023,2.4175190000000013
1284000,29.915938000000015,2.0646519999999984
1285000,39.464445,2.380341999999998
1286000,41.71502000000001,2.0551680000000005
1287000,91.20417499999999,2.8644139999999987
1288000,32.917503000000025,2.0202610000000005
1289000,31.271454000000016,1.9725830000000006
1290000,23.113064999999988,2.4504699999999975
1291000,36.34497900000001,2.083997999999999
1292000,62.28838899999994,2.7798930000000026
1293000,40.343165000000006,1.9878409999999982
1294000,38.96360700000003,2.112875000000003
1295000,40.50764099999994,2.0211329999999994
1296000,41.94371399999998,1.9810260000000004
1297000,28.980949999999986,2.4588440000000005
1298000,51.264315000000046,2.054349000000001
1299000,38.91030000000004,2.0911789999999977
1300000,29.405385999999993,1.985316
1301000,42.37083600000001,2.038869
1302000,57.258027999999996,2.179613000000006
1303000,35.83720299999996,1.9874710000000004
1304000,42.28009999999994,1.9640320000000002
1305000,40.160349999999966,2.482391000000001
1306000,47.247807999999985,2.046614999999999
1307000,50.06839099999993,2.0451770000000016
1308000,69.80475299999998,2.1051680000000017
1309000,48.65680499999998,2.0571519999999963
1310000,48.24988799999997,2.2609059999999994
1311000,38.446529999999996,2.0583860000000023
1312000,36.832820000000005,2.3818639999999998
1313000,31.42279599999998,1.9009209999999974
1314000,41.39819399999996,1.946848
1315000,51.487688,1.9520360000000014
1316000,41.82511199999999,1.9470569999999983
1317000,41.94233000000004,1.9732820000000013
1318000,40.56662400000008,1.918323000000001
1319000,43.38744,1.9927010000000016
1320000,48.93019999999995,2.227646000000001
1321000,39.24982400000001,2.245386000000002
1322000,47.182429000000035,1.9171549999999968
1323000,44.746937000000045,1.926713
1324000,46.64006800000002,2.0135150000000004
1325000,35.64341199999995,1.8497499999999987
1326000,52.78595999999991,1.889074000000002
1327000,53.967788000000006,1.9594720000000012
1328000,66.45106099999998,1.9627099999999997
1329000,29.340892999999994,1.821462
1330000,48.684830000000034,1.949146
1331000,44.31084299999991,1.9379059999999997
1332000,30.045307000000022,1.8450289999999967
1333000,41.91921000000002,1.9271039999999993
1334000,21.364001,1.8407099999999998
1335000,45.03522199999999,1.8693319999999998
1336000,58.05526700000002,2.159852000000002
1337000,30.300910000000016,1.9167910000000012
1338000,31.12485400000002,1.9168619999999994
1339000,33.143016,1.9021099999999995
1340000,39.48785699999998,1.9979659999999975
1341000,32.73860800000001,1.9251210000000007
1342000,45.48123,2.0226920000000015
1343000,33.65042499999998,1.9643790000000045
1344000,36.78251599999997,1.9742619999999993
1345000,32.62335300000001,1.9352600000000015
1346000,25.692921000000002,1.906328999999999
1347000,28.47826800000002,1.904617999999997
1348000,49.00077600000002,2.3601470000000013
1349000,44.92360999999999,1.9731460000000016
1350000,51.51475399999987,2.0325770000000007
1351000,23.167098,1.9166389999999995
1352000,34.29311499999999,1.9226720000000022
1353000,19.53783299999997,1.8569500000000032
1354000,35.975086000000054,2.057484
1355000,49.27170999999994,2.014183
1356000,39.39761300000006,1.992606999999999
1357000,36.09615200000004,1.9418629999999997
1358000,52.66346299999995,2.366745999999999
1359000,28.37224199999999,1.9589360000000011
1360000,32.30841900000003,1.9263930000000014
1361000,39.69629599999991,1.9977799999999994
1362000,26.324370000000005,1.8901289999999997
1363000,31.951027999999994,1.9678000000000022
1364000,28.664222000000013,1.9199999999999977
1365000,33.132902999999956,1.9499780000000009
1366000,54.597913999999925,2.0823569999999996
1367000,36.14477699999996,1.9327860000000001
1368000,38.542321999999956,1.981664000000002
1369000,27.958833000000045,1.891095000000001
1370000,32.810843999999975,1.94761
1371000,41.740313000000015,1.9171990000000023
1372000,46.18260699999999,2.3343880000000024
1373000,40.247934000000015,1.9108879999999975
1374000,44.86932000000002,1.9904419999999992
1375000,73.74399900000003,2.033573000000001
1376000,63.42212500000007,1.9893959999999995
1377000,56.45140700000008,2.018154000000001
1378000,113.98921200000021,2.11386
1379000,74.3293580000001,2.0868090000000037
1380000,44.39275700000007,1.9939850000000001
1381000,47.07724200000004,2.0262990000000007
1382000,34.07824399999999,1.9304920000000012
1383000,72.49986200000006,2.441680000000001
1384000,54.68317199999996,2.4796840000000016
1385000,52.17188799999998,2.1349759999999978
1386000,43.60731199999997,2.0553080000000015
1387000,44.87959200000001,2.0013220000000005
1388000,71.73728900000002,2.5243250000000006
1389000,56.86029499999994,2.017000000000001
1390000,38.85632799999998,2.0446460000000024
1391000,59.37312299999999,1.996065000000002
1392000,26.553069,1.9131709999999997
1393000,48.50604700000004,2.0323819999999966
1394000,41.77570499999999,2.0085009999999994
1395000,23.27993099999998,1.9123729999999977
1396000,33.079642999999955,1.9182919999999972
1397000,28.902077000000048,1.9390629999999964
1398000,49.19129099999994,2.020845
1399000,34.870699999999985,1.9957309999999993
1400000,54.07037600000003,2.038291
1401000,39.31150099999999,2.0028140000000003
1402000,56.68714499999996,2.0757030000000003
1403000,38.01080400000002,1.997001
1404000,39.226908000000016,1.9648259999999997
1405000,36.64800399999998,1.965348999999999
1406000,32.16867100000004,1.9154560000000018
1407000,29.834020000000017,1.9230790000000015
1408000,28.689873000000016,1.9433600000000009
1409000,39.689617000000005,2.015524999999998
1410000,44.30605299999994,1.9534210000000014
1411000,27.328830999999965,1.8822890000000017
1412000,44.46533300000003,2.3006969999999995
1413000,39.42627999999999,1.9749220000000012
1414000,28.628374000000033,1.9090459999999998
1415000,43.604402999999984,1.993161
1416000,39.37216700000003,1.9382589999999984
1417000,56.05862599999997,2.0070379999999983
1418000,99.94144699999995,2.1179150000000004
1419000,49.58200499999999,1.980951
1420000,104.4863739999998,2.3833319999999985
1421000,38.003828999999975,2.354868000000004
1422000,61.62977800000001,3.603727999999997
1423000,53.47671899999995,4.481688000000004
1424000,46.603635999999916,2.683029000000001
1425000,50.355419000000026,2.7207209999999997
1426000,43.95699899999996,2.426118000000001
1427000,44.89052699999994,2.5212699999999977
1428000,26.792592999999986,2.2196729999999993
1429000,32.495043000000024,2.5332289999999986
1430000,27.915000999999986,2.3907259999999964
1431000,25.02269800000004,1.9884429999999977
1432000,33.58510399999996,1.983256000000002
1433000,37.80128300000005,2.085380000000001
1434000,44.03276799999991,2.443571999999996
1435000,56.91168900000005,2.0644179999999976
1436000,27.656862000000014,2.0398950000000053
1437000,23.95020899999998,1.9207430000000019
1438000,21.664983999999972,2.3675849999999987
1439000,22.697283,2.1117060000000016
1440000,23.605630999999978,1.9069379999999991
1441000,23.634056000000033,2.673449000000001
1442000,23.288174000000012,1.9314200000000004
1443000,26.578026999999995,2.195547000000003
1444000,39.14391699999996,2.017410000000001
1445000,19.61076100000003,1.9484809999999986
1446000,34.03121799999997,2.021102000000004
1447000,33.54974899999999,2.1203369999999966
1448000,41.12817900000002,2.083793000000002
1449000,34.26081000000003,2.008445999999999
1450000,34.05656699999992,2.1938950000000026
1451000,33.319650000000024,2.018114999999999
1452000,57.76174399999991,2.1182929999999973
1453000,101.6324000000001,2.032516999999998
1454000,40.286152999999956,1.8843049999999988
1455000,55.24842500000002,1.9938060000000013
1456000,34.67472700000008,2.259376999999996
1457000,50.25330500000001,1.9529619999999965
1458000,46.26320600000003,1.9215579999999985
1459000,36.00028500000002,1.8508430000000033
1460000,31.483730000000026,2.347722
1461000,33.58829400000001,1.8284230000000015
1462000,40.03220199999992,1.9003440000000005
1463000,264.65701899999976,2.0989800000000014
1464000,129.69484900000015,2.412254
1465000,47.197889000000025,2.5411200000000007
1466000,49.098611999999974,1.9011559999999994
1467000,33.64599100000004,1.8150289999999984
1468000,58.820542999999965,2.003295
1469000,74.90875100000001,2.0413989999999993
1470000,49.424757999999976,2.4640089999999977
1471000,28.533658,2.2471199999999993
1472000,53.550754000000026,2.022029999999997
1473000,45.24423200000002,1.917671000000002
1474000,38.51867699999999,2.2610289999999997
1475000,48.02640399999994,2.0038470000000004
