Arquivos importados,Tempo acumulado MySQL,Tempo acumulado MongoDB
1000,4.5496380000000025,2.754833000000003
2000,9.615830000000004,4.354141000000003
3000,14.880696000000004,5.889693000000005
4000,19.727106000000006,7.536305000000006
5000,81.03079800000002,9.836115000000003
6000,92.53989400000002,11.439623000000001
7000,101.11408000000002,12.770109000000001
8000,106.05040100000002,13.961221
9000,113.09531900000002,15.257571000000002
10000,119.70766500000002,16.733917
11000,151.50451600000002,18.235873
12000,181.58685200000002,19.936429
13000,189.148727,21.221947
14000,208.056194,22.755326
15000,220.77675800000003,24.559718
16000,231.11410400000003,26.228119000000003
17000,239.78228200000004,27.956226000000004
18000,247.57803500000003,29.468023000000006
19000,252.95471400000002,30.997046000000005
20000,259.711198,32.46626200000001
21000,264.341114,33.91545500000001
22000,269.001775,35.31329000000001
23000,280.014482,36.92272500000001
24000,292.658901,38.500451000000005
25000,300.311462,40.20034700000001
26000,314.234579,41.93189400000001
27000,322.108688,43.649969000000006
28000,331.606633,45.214823
29000,338.407993,46.714436
30000,342.00618599999996,48.177425
31000,346.60925,49.657365
32000,351.58293299999997,51.316421999999996
33000,358.779325,52.791596
34000,364.86963099999997,54.309885
35000,378.083196,55.869474000000004
36000,389.603439,57.859925000000004
37000,395.19075,59.451295
38000,400.921514,60.979838
39000,406.585387,62.43782
40000,409.871573,63.636858000000004
41000,413.551963,64.72759400000001
42000,416.679607,65.861376
43000,419.437386,66.971596
44000,424.041812,68.30774600000001
45000,432.424628,69.531952
46000,439.012111,70.80352
47000,453.530397,72.054404
48000,458.253617,73.300521
49000,462.009247,74.510253
50000,466.376781,75.638796
51000,470.014765,76.867836
52000,473.73661000000004,77.987994
53000,478.94146700000005,79.304688
54000,483.512894,80.522815
55000,491.186457,81.78768
56000,494.868347,83.00119799999999
57000,500.820122,84.30287999999999
58000,506.59789800000004,85.470075
59000,510.74824800000005,86.70217299999999
60000,513.848819,87.83571999999998
61000,516.8833830000001,88.94239299999998
62000,520.8707100000001,90.05556899999998
63000,525.6966530000002,91.13897099999998
64000,528.5557330000001,92.26691499999998
65000,532.6352920000002,93.40869299999999
66000,539.5377950000002,94.54922099999999
67000,542.5789370000002,95.67743399999999
68000,552.8935900000002,96.80669999999999
69000,559.3579750000002,98.16815
70000,567.0216320000003,99.483495
71000,572.0663720000003,100.918268
72000,579.4121740000004,102.443316
73000,583.4840730000004,103.71373799999999
74000,590.7541530000004,105.07299499999999
75000,594.1970760000004,106.33635899999999
76000,606.9000120000004,107.66051399999999
77000,613.6914390000004,109.03038199999999
78000,618.9367860000004,110.22718699999999
79000,623.4908810000004,111.45983899999999
80000,627.0172940000004,112.60635199999999
81000,635.1569550000005,113.83973199999998
82000,644.1180050000005,115.21521899999999
83000,649.5257900000005,116.39762599999999
84000,652.9958520000005,117.58302199999999
85000,708.1922630000005,119.14643499999998
86000,747.6198640000005,120.57685499999998
87000,766.3493890000004,121.85735399999999
88000,769.6936370000004,122.93041399999998
89000,772.5366340000004,123.99770899999999
90000,775.9607750000004,125.11213299999999
91000,780.3751340000003,126.37604699999999
92000,813.9168140000003,127.80593899999998
93000,826.8168400000003,129.08691399999998
94000,838.8353580000003,130.48541299999997
95000,844.1485560000003,131.66271099999997
96000,848.6061900000003,133.09506899999997
97000,853.5038650000004,134.57312299999995
98000,861.1260640000004,136.08143099999995
99000,867.6691640000004,137.45290099999994
100000,886.7899880000003,138.89706599999994
101000,892.2989760000004,139.97415599999994
102000,896.7866470000004,141.09219299999992
103000,899.6349610000003,142.16201299999992
104000,906.9216830000003,143.56043499999993
105000,913.4187160000002,145.18670499999993
106000,922.1765820000003,146.40094699999995
107000,926.1093430000003,147.57257199999995
108000,933.2063780000003,148.72042699999994
109000,936.4886430000004,149.86878599999994
110000,943.5074380000003,151.27296199999995
111000,946.7484370000003,152.39855999999995
112000,949.8683640000003,153.51627399999995
113000,954.4003210000003,154.75357199999996
114000,972.4394030000003,156.39005699999996
115000,978.1349120000003,157.49341399999994
116000,984.1864720000003,158.91878399999996
117000,1008.0105470000003,160.32111799999996
118000,1037.4179240000003,161.69106799999994
119000,1043.7390890000004,163.04350899999994
120000,1051.6647440000004,164.39525099999994
121000,1055.2589340000004,165.73407099999994
122000,1065.1912890000003,167.01543399999994
123000,1069.5410800000004,168.44095699999994
124000,1076.6830660000005,169.64659899999995
125000,1080.6543290000004,170.79181299999996
126000,1087.0405650000005,172.16428099999996
127000,1096.3764480000004,174.01719199999997
128000,1108.8934940000004,175.85890399999997
129000,1113.7264780000003,177.59017799999998
130000,1119.6273360000002,179.21602699999997
131000,1125.1852310000002,181.00874099999996
132000,1129.226362,182.65362299999995
133000,1132.829412,184.25450699999996
134000,1136.449547,186.00961299999997
135000,1145.3217949999998,187.91255599999997
136000,1150.236704,189.50657899999996
137000,1156.7703829999998,191.14990499999996
138000,1162.3791669999998,193.01862799999995
139000,1168.701752,194.74364199999994
140000,1174.861416,196.60969099999994
141000,1179.900375,198.30262499999995
142000,1185.400138,199.89773299999996
143000,1215.188017,202.63056599999996
144000,1221.1367719999998,204.34601399999997
145000,1226.0023009999998,206.05788099999998
146000,1230.6884429999998,207.755532
147000,1234.5681459999998,209.461434
148000,1244.9009259999998,211.35038
149000,1252.1420719999999,213.185157
150000,1256.234231,214.851989
151000,1261.7530179999999,216.625761
152000,1268.6444179999999,218.377676
153000,1275.8396509999998,220.13388600000002
154000,1284.9339539999999,221.88819500000002
155000,1295.1738199999998,223.70188200000004
156000,1304.6516249999997,225.63273000000004
157000,1308.8665769999998,227.46029700000003
158000,1316.8001679999998,229.19272200000003
159000,1321.0567549999998,230.78691200000003
160000,1327.9636249999999,232.70173800000003
161000,1333.106722,234.38618700000004
162000,1341.444072,236.21121000000002
163000,1349.763467,237.86466300000004
164000,1371.080689,239.67830000000004
165000,1378.415096,241.96311400000005
166000,1384.2124509999999,243.92100800000006
167000,1391.6029039999999,245.88053400000007
168000,1396.0170529999998,247.48028200000007
169000,1402.0147409999997,249.30494400000006
170000,1406.5724089999997,250.93339400000005
171000,1413.3539929999997,252.55875300000005
172000,1418.1215789999997,254.20071900000005
173000,1425.0500119999997,255.89716600000006
174000,1435.5090029999997,257.79591800000003
175000,1439.9452159999996,259.417254
176000,1444.7505309999997,261.116922
177000,1477.5457019999997,262.98220299999997
178000,1486.2307749999998,264.678954
179000,1491.3538359999998,266.333692
180000,1495.6967209999998,268.001146
181000,1499.6782269999999,269.572454
182000,1504.3381459999998,271.4194
183000,1511.4128789999997,273.036883
184000,1515.3418069999998,274.587727
185000,1519.7651029999997,276.15808699999997
186000,1523.6384349999996,277.698248
187000,1527.5102489999997,279.250231
188000,1533.4667449999997,280.824029
189000,1538.5784989999997,282.38385
190000,1542.4822849999998,283.94216
191000,1546.8429789999998,285.501225
192000,1559.7447859999997,287.52242099999995
193000,1564.5915969999996,289.16084399999994
194000,1570.0643589999997,290.7431889999999
195000,1590.6321789999997,292.6928999999999
196000,1620.2067959999997,294.9004169999999
197000,1637.5387959999998,296.8009499999999
198000,1644.160739,298.61095699999987
199000,1652.373944,300.2872829999999
200000,1658.39859,301.9777789999999
201000,1665.045312,303.6344759999999
202000,1691.853445,305.5039629999999
203000,1698.422754,307.1649789999999
204000,1709.041963,308.9857609999999
205000,1820.441632,312.23521099999994
206000,1887.138993,314.3850269999999
207000,1900.014202,316.27476899999994
208000,1930.798969,318.14460699999995
209000,1944.1875149999998,320.1527679999999
210000,1956.718328,321.95630499999993
211000,1976.3495229999999,323.9120289999999
212000,1985.306222,325.7740189999999
213000,1993.1450129999998,327.5610069999999
214000,2002.9679709999998,329.7551119999999
215000,2013.0123189999997,331.53211599999986
216000,2028.4541509999997,333.77885899999984
217000,2035.5083599999996,335.92400899999984
218000,2044.6747339999995,337.91373399999986
219000,2050.9491899999994,339.7147669999999
220000,2057.014500999999,341.45961799999986
221000,2079.3918039999994,343.3140749999999
222000,2093.8574969999995,345.2776609999999
223000,2099.2784699999993,347.0133209999999
224000,2107.9822839999993,349.0354959999999
225000,2112.8842989999994,350.8031999999999
226000,2123.4264319999993,352.5577209999999
227000,2129.9421569999995,354.2857929999999
228000,2135.3447669999996,356.0329679999999
229000,2141.9747339999994,357.7992099999999
230000,2146.5267829999993,359.5338999999999
231000,2155.912787999999,361.3587729999999
232000,2163.426605999999,363.1339709999999
233000,2170.534659999999,364.90614099999993
234000,2176.309558999999,366.66824399999996
235000,2182.115452999999,368.43977399999994
236000,2189.943156999999,370.2422839999999
237000,2196.373146999999,372.0655469999999
238000,2205.252727999999,373.87995499999994
239000,2212.171006999999,375.6434719999999
240000,2220.322593999999,377.4356519999999
241000,2251.671727999999,379.3610299999999
242000,2272.273801999999,381.4352179999999
243000,2282.5097629999987,383.5207739999999
244000,2292.9101939999987,385.3630919999999
245000,2299.3736979999985,387.17262799999986
246000,2306.2224449999985,389.00726599999985
247000,2317.0729749999987,390.86631599999987
248000,2323.202938999999,392.6436389999999
249000,2331.133520999999,394.8747989999999
250000,2363.381848999999,396.9537589999999
251000,2374.197249999999,398.77546999999987
252000,2378.454085999999,400.46644199999986
253000,2384.448947999999,402.18388599999986
254000,2393.4499079999987,403.9544319999999
255000,2398.699933999999,405.69480199999987
256000,2403.2822859999987,407.4112229999999
257000,2409.6841039999986,409.1854919999999
258000,2418.3891849999986,411.2438869999999
259000,2428.508524999999,413.1560629999999
260000,2433.6176779999987,414.9116689999999
261000,2443.255026999999,416.7084779999999
262000,2450.7409449999986,418.5210169999999
263000,2455.355232999999,420.29136199999994
264000,2460.805371999999,422.0823209999999
265000,2468.610067999999,423.85309199999995
266000,2477.023725999999,425.64316499999995
267000,2495.232881999999,427.50852
268000,2501.366081999999,429.30548
269000,2505.689542999999,431.075852
270000,2510.828187999999,432.845831
271000,2516.631214999999,434.624151
272000,2524.843637999999,436.63676
273000,2531.430917999999,438.398933
274000,2547.797513999999,440.296965
275000,2553.6870019999988,442.16744
276000,2562.1879139999987,443.964028
277000,2568.0301659999986,445.748763
278000,2575.9661949999986,447.550838
279000,2582.973545999999,449.323373
280000,2590.363249999999,451.14106400000003
281000,2597.4664559999987,452.98374
282000,2625.7916309999987,455.354108
283000,2640.4450719999986,457.187425
284000,2647.185091999999,458.94459700000004
285000,2651.9999449999987,460.56031100000007
286000,2656.4224619999986,462.17257000000006
287000,2661.6298099999985,463.79799800000006
288000,2665.6348979999984,465.39985800000005
289000,2671.9992549999984,467.02709100000004
290000,2691.7557549999983,468.85018600000006
291000,2696.3818499999984,470.4245220000001
292000,2700.9270539999984,471.9924850000001
293000,2706.1572869999986,473.5541660000001
294000,2710.9620739999987,475.12893300000013
295000,2716.2683519999987,476.71896100000015
296000,2732.530938999999,478.44825400000013
297000,2741.799865999999,480.07854200000014
298000,2748.792446999999,481.70074400000016
299000,2764.324353999999,483.44380400000017
300000,2768.444367999999,485.12586100000016
301000,2772.600958999999,486.79404800000015
302000,2777.285504999999,488.46220900000014
303000,2782.231572999999,490.14603300000016
304000,2787.553882999999,491.8338640000002
305000,2797.435780999999,493.5747920000002
306000,2802.0729579999993,495.2147140000002
307000,2807.9204289999993,496.9179460000002
308000,2823.6004979999993,498.7120930000002
309000,2829.0246379999994,500.4333740000002
310000,2838.0005639999995,502.1577520000002
311000,2848.3707849999996,503.9305830000002
312000,2852.7805319999998,505.6022750000002
313000,2858.6145349999997,507.2977520000002
314000,2866.4588009999998,509.0130720000002
315000,2871.341243,510.7031510000002
316000,2879.257941,512.4153150000002
317000,2886.4196549999997,514.1031830000002
318000,2902.9445089999995,515.9606150000002
319000,2920.5681439999994,517.6698050000002
320000,2925.6402979999993,519.3043040000002
321000,2936.6789119999994,521.0470760000002
322000,2942.9238179999993,522.7321450000002
323000,2955.8859569999995,524.5452330000002
324000,2963.8815599999994,526.3531470000001
325000,2968.675974999999,527.9681970000001
326000,2979.700850999999,529.6571780000002
327000,2999.9775169999994,531.5033020000002
328000,3011.5802629999994,533.3730740000002
329000,3020.067769999999,535.0855340000002
330000,3026.345867999999,536.7131240000002
331000,3031.883961999999,538.3364940000002
332000,3043.674501999999,540.0141920000002
333000,3048.313843999999,541.6000780000002
334000,3052.821305999999,543.2380360000002
335000,3065.238048999999,544.8813070000002
336000,3071.5015749999993,546.4989630000002
337000,3078.765377999999,548.1164670000003
338000,3092.950161999999,549.9395800000003
339000,3102.1244299999994,552.0007880000003
340000,3107.2800929999994,553.6436760000003
341000,3120.0271829999992,555.4277820000002
342000,3128.679876999999,557.3338070000002
343000,3138.908035999999,559.3167850000002
344000,3150.347667999999,561.1510140000003
345000,3154.462060999999,562.7881540000003
346000,3160.788297999999,564.6006940000003
347000,3165.2470089999993,566.2713500000003
348000,3179.5499789999994,568.1596710000003
349000,3202.8711279999993,570.1260280000004
350000,3211.3174039999994,571.8486220000003
351000,3267.7503749999996,573.5756520000003
352000,3292.2492709999997,575.5215700000003
353000,3349.304468,577.5816220000004
354000,3382.9960419999998,579.9809910000004
355000,3393.96235,581.9404390000003
356000,3400.9450199999997,583.8513330000003
357000,3409.812556,585.6609380000003
358000,3415.8548539999997,587.3087910000004
359000,3421.9242689999996,589.0602830000004
360000,3443.5432929999997,590.9610550000003
361000,3449.2166629999997,592.8334150000003
362000,3454.0234109999997,594.5302520000002
363000,3460.8811079999996,596.2505270000003
364000,3484.1318989999995,598.1465540000003
365000,3488.5310169999993,599.7801880000003
366000,3496.712843999999,601.8580950000003
367000,3537.900841999999,604.2495450000002
368000,3542.726430999999,605.9007390000003
369000,3547.9304859999993,607.5676830000003
370000,3557.8267089999995,609.4909720000003
371000,3565.1267359999993,611.4434670000003
372000,3578.379601999999,613.2685950000002
373000,3586.880893999999,614.9207110000002
374000,3595.384323999999,616.7942870000002
375000,3620.3150569999993,618.7061270000002
376000,3626.3846719999992,620.3462660000001
377000,3631.047272999999,622.0889090000002
378000,3638.811443999999,623.7607720000002
379000,3644.147121999999,625.3866320000002
380000,3648.663616999999,626.9693330000002
381000,3653.859747999999,628.7553500000002
382000,3658.475918999999,630.3738030000003
383000,3671.281064999999,632.5343670000003
384000,3678.2011469999993,634.2231850000003
385000,3686.409528999999,635.8603040000003
386000,3694.1705229999993,637.5578360000003
387000,3701.7078839999995,639.3548170000003
388000,3707.0084149999993,640.9469910000003
389000,3718.4345259999996,642.9557510000003
390000,3723.7110989999996,644.8284660000003
391000,3730.5706239999995,646.7280350000003
392000,3756.8904279999997,649.0187150000003
393000,3787.495454,651.0359150000003
394000,3795.899449,652.8646240000003
395000,3802.687969,654.8189380000002
396000,3809.563579,656.7359210000002
397000,3817.286814,658.4502230000002
398000,3822.824371,660.1293180000001
399000,3830.658253,662.1525830000002
400000,3837.363031,663.7539840000002
401000,3841.394712,665.3031390000002
402000,3846.134091,666.9002480000003
403000,3853.141125,668.7840440000002
404000,3861.656128,670.5268970000002
405000,3880.053295,672.3264810000002
406000,3888.9314900000004,674.0214990000002
407000,3894.234835,675.6001040000002
408000,3898.634038,677.2714720000002
409000,3907.225883,679.1547160000002
410000,3915.319934,680.8048880000002
411000,3919.4274450000003,682.3598260000002
412000,3924.239797,683.9173100000003
413000,3929.033412,685.4881050000002
414000,3937.296628,687.1595190000003
415000,3941.55039,688.7149720000002
416000,3948.874076,690.5253760000002
417000,3953.817695,692.1998010000002
418000,3962.169541,694.0368350000002
419000,3970.6540910000003,695.6799440000002
420000,3974.5755430000004,697.2827440000002
421000,4024.3863200000005,699.3963390000002
422000,4069.4062850000005,702.4208070000002
423000,4075.2163780000005,704.7046560000002
424000,4081.7505640000004,706.8049040000002
425000,4086.6470890000005,708.7335890000002
426000,4091.5699570000006,710.6288830000002
427000,4098.501381000001,712.5206350000002
428000,4103.989720000001,714.3820010000002
429000,4115.952391000002,716.4116090000002
430000,4121.788792000001,718.3769890000002
431000,4140.556832000001,720.1502150000002
432000,4149.672498000001,722.0957610000003
433000,4154.525871000001,723.9060200000002
434000,4168.3548550000005,725.8422500000003
435000,4173.302105000001,727.6050330000003
436000,4182.022779000001,729.4286210000002
437000,4188.290737000001,731.0186680000003
438000,4192.040520000001,732.5642340000003
439000,4196.2074790000015,734.1191530000003
440000,4200.608503000001,735.7074780000004
441000,4205.372112000001,737.2663390000004
442000,4210.221515000001,738.8213560000004
443000,4216.466822000001,740.3952570000004
444000,4220.217990000001,741.9583080000003
445000,4224.237586000001,743.5115920000003
446000,4229.736133000001,745.0863370000003
447000,4235.050788000001,746.6634520000003
448000,4239.222133000001,748.1996420000004
449000,4243.290631000001,749.7553100000003
450000,4270.301249000001,751.5704920000004
451000,4275.412982000001,753.1209490000005
452000,4281.032417,754.7056080000004
453000,4287.1432350000005,756.2620250000004
454000,4291.835296,757.8095680000005
455000,4296.421096,759.3613800000005
456000,4301.161481,760.9234440000005
457000,4306.11793,762.4617880000005
458000,4311.995956000001,764.0316650000005
459000,4319.527858,765.6995920000005
460000,4324.873337,767.2544290000005
461000,4332.023373,768.8401010000006
462000,4338.498906,770.4062630000005
463000,4342.769896,771.9691920000006
464000,4347.449621,773.5440100000006
465000,4352.828689999999,775.1133960000006
466000,4358.418688,776.6784670000006
467000,4363.8166679999995,778.2331660000007
468000,4373.908350999999,779.8649620000007
469000,4379.501247999999,781.4276420000007
470000,4385.379480999999,782.9865250000007
471000,4391.864943999999,784.5987980000007
472000,4397.763916999999,786.1750720000007
473000,4403.306674999999,787.7451620000007
474000,4410.247160999999,789.3587590000008
475000,4415.051066999999,790.9330180000007
476000,4434.677245999999,792.7112950000007
477000,4440.845422999999,794.3222820000008
478000,4448.055962999999,795.9783980000008
479000,4465.197884999999,797.6738360000007
480000,4498.0537159999985,799.4708820000008
481000,4514.952595999998,801.2216350000008
482000,4525.515945999999,802.9201720000008
483000,4538.268669999999,804.6118780000007
484000,4553.342423999999,806.7338780000007
485000,4566.521352999998,808.4194460000007
486000,4580.743510999998,810.1768550000007
487000,4592.315881999998,811.8933260000007
488000,4603.028096999998,813.5763310000007
489000,4626.830261999998,815.3263100000007
490000,4643.685777999997,817.0685490000008
491000,4660.968311999997,818.7805780000008
492000,4690.720221999997,820.8918060000008
493000,4706.976541999998,822.6532990000007
494000,4717.922676999998,824.3326490000007
495000,4729.388028999998,826.0257400000007
496000,4749.726380999998,827.8136480000007
497000,4759.294023999998,829.4717090000007
498000,4823.4651049999975,831.4489270000007
499000,4836.351587999998,833.1688700000008
500000,4844.982576999998,834.8253520000007
501000,4884.428418999998,836.6334660000008
502000,4898.245920999998,838.3335560000008
503000,4908.808519999998,840.0212410000008
504000,4936.503575999997,841.8296970000008
505000,4957.604689999997,843.5979210000008
506000,4975.495707999998,845.3634530000008
507000,5005.356404999998,847.1397470000009
508000,5016.948568999997,848.8581810000009
509000,5032.641875999997,850.5901300000008
510000,5072.615961999997,852.4970500000009
511000,5096.633792999997,854.2656580000008
512000,5115.377183999997,856.0290950000008
513000,5142.313998999997,857.8436750000008
514000,5169.160057999998,859.6292440000008
515000,5198.0336739999975,861.9827000000008
516000,5295.318999999998,864.2755300000008
517000,5314.6310749999975,866.1589990000008
518000,5356.040828999998,868.1836150000008
519000,5374.152841999998,870.0788620000009
520000,5390.998349999998,871.9654700000009
521000,5408.564465999998,873.7999530000009
522000,5425.449810999998,875.6486100000009
523000,5450.024274999998,877.5262230000009
524000,5466.673362999998,879.3825020000008
525000,5481.814388999998,881.2287460000008
526000,5497.979456999999,883.0302600000008
527000,5518.958863999998,884.8900110000008
528000,5544.005069999998,886.7599930000008
529000,5569.095719999998,888.6481880000008
530000,5581.816976999999,890.4514680000008
531000,5599.714744999998,892.2715780000008
532000,5638.451885999998,894.2747760000008
533000,5654.615500999998,896.1406070000007
534000,5663.765398999998,897.9569510000007
535000,5676.279462999998,899.7741360000007
536000,5693.904073999998,901.6379450000006
537000,5705.909583999998,903.4759840000006
538000,5716.985213999998,905.4226800000006
539000,5738.425883999998,907.3741390000006
540000,5770.928501999999,909.2690690000006
541000,5793.994274999999,911.0919150000007
542000,5814.957351999999,912.8962540000007
543000,5828.436097999999,914.6433590000007
544000,5848.980857,916.4096270000007
545000,5866.663143,918.1405600000007
546000,5897.331569,919.9995990000008
547000,5912.029077,921.7436280000007
548000,5927.8701040000005,923.4747640000007
549000,5943.9510390000005,925.6809720000007
550000,5960.110689,927.4043570000007
551000,5973.625949,929.0829250000007
552000,5995.416194,930.8668440000007
553000,6009.596676,932.5868000000007
554000,6025.702196,934.3001210000007
555000,6045.823462,936.0337370000007
556000,6072.46751,937.9377750000007
557000,6092.4291570000005,939.7430560000007
558000,6106.072999000001,941.4926290000008
559000,6131.506525000001,943.4200370000008
560000,6207.4083040000005,945.3108950000008
561000,6237.190974,947.1038090000008
562000,6262.681426,948.8437650000008
563000,6279.823895,950.5448750000007
564000,6292.383746,952.2295340000007
565000,6309.942004,953.9337440000007
566000,6336.782099,955.7718740000007
567000,6353.307732,957.4755470000007
568000,6368.4366,959.1693540000007
569000,6387.848633,960.9170380000007
570000,6403.717159,962.6125770000008
571000,6420.43517,964.3122880000008
572000,6468.447225,966.1490160000008
573000,6485.922388,967.8755890000008
574000,6505.753179,969.6703590000008
575000,6526.858663,971.4976980000008
576000,6545.920975,973.2748280000008
577000,6558.630656,974.9452750000007
578000,6574.3081,976.8155540000007
579000,6584.632778,978.4791170000007
580000,6606.716171,980.2371780000007
581000,6633.316537,982.0528140000007
582000,6649.443651,983.7937800000007
583000,6663.707477999999,985.4985770000006
584000,6678.1832509999995,987.2279710000006
585000,6696.804042999999,988.9677980000006
586000,6716.807489999999,990.7556360000005
587000,6732.5731989999995,992.5292500000005
588000,6752.519111999999,994.3861330000005
589000,6773.640527999999,996.1620280000005
590000,6789.187984999999,997.8838600000005
591000,6805.001510999999,999.6319410000004
592000,6820.546001999998,1001.4235670000004
593000,6831.964428999998,1003.1089510000004
594000,6845.1793039999975,1004.8521790000004
595000,6861.132141999998,1006.5759760000004
596000,6878.973439999998,1008.3083060000005
597000,6889.725136999998,1009.9833730000005
598000,6906.446157999998,1011.7770770000005
599000,6919.621767999998,1013.4716440000005
600000,6934.920309999998,1015.2125130000005
601000,6946.834605999998,1016.9601550000006
602000,6960.145590999998,1018.6294740000005
603000,6979.147897999997,1020.3839620000006
604000,6997.5574579999975,1022.1303000000006
605000,7009.586935999998,1023.8143420000006
606000,7021.1668679999975,1025.4828470000007
607000,7030.526913999997,1027.1399320000007
608000,7049.882654999998,1028.9346920000007
609000,7061.422127999997,1030.6439570000007
610000,7082.196295999997,1032.4127200000007
611000,7097.586677999997,1034.1186170000008
612000,7112.341307999997,1035.8579600000007
613000,7125.630419999998,1037.5427290000007
614000,7139.804062999998,1039.2658570000008
615000,7150.972323999998,1040.9234660000009
616000,7166.890949999997,1042.657692000001
617000,7182.816184999997,1044.384951000001
618000,7196.819957999997,1046.0967010000008
619000,7208.467680999997,1047.7859510000008
620000,7227.980458999998,1049.6605380000008
621000,7249.617734999998,1051.4998920000007
622000,7267.953631999998,1053.3741470000007
623000,7287.308303999998,1055.2295430000006
624000,7296.451820999999,1056.9831750000005
625000,7306.537500999999,1058.7601260000006
626000,7321.266301999999,1060.5921240000007
627000,7343.616525999999,1062.4557870000008
628000,7353.041521999999,1064.2275680000007
629000,7364.941910999999,1066.0154770000006
630000,7379.447967999999,1067.8592940000005
631000,7392.432563999999,1069.7056590000007
632000,7406.321093999999,1071.8155880000006
633000,7415.389179999999,1073.5784510000005
634000,7421.828578,1075.2888370000005
635000,7430.098526,1077.0289350000005
636000,7440.143838999999,1078.7823260000005
637000,7454.320193,1080.6114160000004
638000,7464.4403839999995,1082.3748420000004
639000,7472.060536,1084.1523090000003
640000,7481.056894,1085.9374450000003
641000,7490.925740000001,1087.7198670000002
642000,7502.435835,1089.5244710000002
643000,7522.065029,1091.3918690000003
644000,7529.5490500000005,1093.2239300000003
645000,7538.952575,1094.9996530000003
646000,7546.175373,1096.7406150000004
647000,7553.280865,1098.4821480000003
648000,7562.024071,1100.3169080000002
649000,7571.739367,1102.1097180000002
650000,7577.74841,1103.8773930000002
651000,7585.994110000001,1105.6848620000003
652000,7592.566621000001,1107.4399930000002
653000,7602.447883000001,1109.2033010000002
654000,7611.629674000001,1110.9792290000003
655000,7622.558252000001,1112.8127950000003
656000,7630.013317000001,1114.5890200000003
657000,7640.711439000001,1116.3845820000004
658000,7649.694252,1118.1805840000004
659000,7657.301409000001,1119.9149410000005
660000,7678.2823690000005,1121.7925860000005
661000,7692.876589,1123.5789990000005
662000,7702.394147000001,1125.3376460000006
663000,7711.048542,1127.0696590000007
664000,7718.439182,1128.8419990000007
665000,7731.843271,1130.6242200000006
666000,7741.2095659999995,1132.3923130000005
667000,7764.365057,1134.3227440000005
668000,7773.048425,1136.1310330000006
669000,7780.579846,1137.9128480000006
670000,7790.828461,1139.6751450000006
671000,7800.533224,1141.4284700000005
672000,7807.313708,1143.1808970000004
673000,7813.813278,1144.9512690000004
674000,7820.878032,1146.7415850000004
675000,7828.916778999999,1148.5120980000004
676000,7835.376917,1150.2502940000004
677000,7850.537155,1152.4717190000003
678000,7860.172066,1154.2802400000003
679000,7869.434208,1156.0869270000003
680000,7878.925021,1157.9053690000003
681000,7901.941934,1160.0126360000004
682000,7918.734886,1161.8790690000003
683000,7964.663998,1163.8723070000003
684000,7976.173936,1165.7104300000003
685000,7983.512615000001,1167.5077200000003
686000,7992.979447000001,1169.2919060000004
687000,8006.334557000001,1171.1040080000005
688000,8027.501297000001,1173.4491530000005
689000,8034.525507,1175.2431210000004
690000,8043.833033,1177.1150990000003
691000,8050.469175,1178.9043030000003
692000,8057.97803,1180.6927150000004
693000,8065.013087,1182.4881440000004
694000,8074.837391,1184.3174010000005
695000,8084.715671,1186.1108630000006
696000,8093.634846,1187.9193810000006
697000,8101.485949,1189.7152200000005
698000,8110.628261,1191.5173410000004
699000,8130.236992,1193.4315040000004
700000,8147.562803,1195.2720080000004
701000,8162.853478999999,1197.1416780000004
702000,8170.98597,1198.9745990000004
703000,8181.564845999999,1200.8407270000002
704000,8196.163230999999,1202.9592630000002
705000,8209.317680999999,1204.7665520000003
706000,8224.676537,1206.6806580000002
707000,8235.96588,1208.5018100000002
708000,8244.442782,1210.3215050000001
709000,8262.322595,1212.442119
710000,8278.176413,1214.352226
711000,8296.837941,1216.24412
712000,8317.149428,1218.179899
713000,8340.544248,1220.280526
714000,8357.319569,1222.115707
715000,8377.021928,1224.1286209999998
716000,8396.735487,1226.0738459999998
717000,8409.960064,1227.9461529999999
718000,8421.348957,1229.790147
719000,8456.123211,1231.981143
720000,8472.007374,1233.8296659999999
721000,8490.798108,1235.745964
722000,8500.815604000001,1237.55212
723000,8509.867022,1239.330052
724000,8519.662505,1241.098419
725000,8528.95001,1242.854852
726000,8557.716073,1244.777548
727000,8574.520317,1246.707121
728000,8588.866616000001,1248.5356479999998
729000,8600.171503000001,1250.3647179999998
730000,8613.828376000001,1252.3188469999998
731000,8625.013477,1254.1457809999997
732000,8635.792246,1255.9740899999997
733000,8646.253091,1257.7958559999997
734000,8665.052971000001,1259.6929509999998
735000,8673.777784000002,1261.4850099999999
736000,8685.422692000002,1263.2960269999999
737000,8694.101219000002,1265.1216029999998
738000,8704.867873000001,1266.9534829999998
739000,8722.751523,1268.8557049999997
740000,8732.886912,1270.6916759999997
741000,8746.100457,1272.5582579999998
742000,8756.50064,1274.3823469999998
743000,8766.888928,1276.2027549999998
744000,8783.57785,1278.109951
745000,8793.862366,1279.940421
746000,8813.646942,1281.838082
747000,8822.11248,1283.682263
748000,8835.405363,1285.7516329999999
749000,8845.749796,1287.5960959999998
750000,8858.20095,1289.4195149999998
751000,8872.753301,1291.5562759999998
752000,8889.498497,1293.72644
753000,8900.594381,1295.6650579999998
754000,8911.355342,1297.5123479999997
755000,8924.608962,1299.3587459999997
756000,8935.421716,1301.2017099999996
757000,8949.066846000002,1303.0439369999997
758000,8963.808707000002,1304.9643409999996
759000,8982.403000000002,1306.8756689999996
760000,8999.102665000002,1308.7635049999997
761000,9012.923680000002,1311.0471519999996
762000,9028.608967000002,1312.9203329999996
763000,9039.092616000002,1314.8295359999995
764000,9062.708537000002,1316.7733489999996
765000,9085.530862000001,1318.7833509999996
766000,9096.445018000002,1320.7232619999995
767000,9106.477905000002,1322.6726669999996
768000,9121.242245000001,1324.6827819999996
769000,9132.031647000002,1326.4734699999997
770000,9141.478606000002,1328.3012889999998
771000,9151.411727000002,1330.1309349999997
772000,9162.824484000002,1331.9868959999997
773000,9174.751423000003,1333.9551759999997
774000,9184.776028000004,1335.8808099999997
775000,9195.568379000004,1337.7220449999998
776000,9208.650397000003,1339.5471349999998
777000,9221.083191000003,1341.3697939999997
778000,9236.095607000003,1343.3085579999997
779000,9248.960036000002,1345.1587589999997
780000,9265.649618000003,1347.0182849999997
781000,9276.611523000003,1348.8799169999998
782000,9292.655094000003,1351.1225169999998
783000,9301.975656000004,1352.9182419999997
784000,9313.248312000003,1354.7437279999997
785000,9323.428950000003,1356.5516119999997
786000,9346.716170000003,1358.5299419999997
787000,9358.417567000004,1360.4810519999996
788000,9368.628895000003,1362.2938689999996
789000,9377.432838000004,1364.1055579999995
790000,9384.539013000005,1365.9175069999994
791000,9392.996625000005,1368.0762269999993
792000,9403.819466000004,1369.8982209999992
793000,9411.732368000004,1371.7171739999992
794000,9419.582793000005,1373.4992859999993
795000,9426.458308000005,1375.3077049999993
796000,9433.850345000004,1377.0649879999992
797000,9441.975813000005,1378.888994999999
798000,9453.802616000004,1380.733175999999
799000,9460.559243000005,1382.519315999999
800000,9467.988129000005,1384.306310999999
801000,9474.762798000005,1386.077863999999
802000,9484.294832000005,1387.9293979999989
803000,9500.688147000004,1390.1928149999987
804000,9518.431156000004,1392.0639259999987
805000,9530.168166000005,1393.9276999999986
806000,9547.238524000006,1395.7898819999987
807000,9570.071612000005,1397.7655299999988
808000,9590.829500000005,1399.7091399999988
809000,9605.120535000005,1401.628587999999
810000,9614.592659000005,1403.468357999999
811000,9625.798566000005,1405.330000999999
812000,9632.993132000005,1407.147168999999
813000,9641.181161000006,1408.988726999999
814000,9648.208496000007,1410.812193999999
815000,9654.207646000006,1412.597679999999
816000,9661.568162000007,1414.3741529999988
817000,9668.456430000007,1416.179778999999
818000,9681.147812000008,1418.048484999999
819000,9693.146558000008,1419.8774049999988
820000,9702.198067000008,1421.6391899999987
821000,9709.974877000008,1423.4247269999987
822000,9728.951867000007,1425.4361969999986
823000,9741.172884000007,1427.2367689999987
824000,9751.171982000007,1429.0244139999988
825000,9760.636622000007,1430.824087999999
826000,9778.971661000007,1432.6623409999988
827000,9802.921495000006,1434.496377999999
828000,9816.856284000007,1436.2791879999988
829000,9829.564836000007,1438.0783419999989
830000,9839.229560000007,1439.8651489999988
831000,9858.732555000008,1441.711400999999
832000,9866.752202000007,1443.4978289999988
833000,9874.333158000007,1445.2934629999988
834000,9885.065708000007,1447.105515999999
835000,9893.438682000007,1448.945090999999
836000,9906.323971000007,1450.8261409999989
837000,9912.952822000007,1452.5814099999989
838000,9922.576685000007,1454.3808909999989
839000,9930.318645000007,1456.124423999999
840000,9937.127375000007,1457.881101999999
841000,9944.533671000007,1459.661609999999
842000,9966.924676000006,1462.668109999999
843000,9974.594116000006,1464.427815999999
844000,9983.375811000005,1466.219457999999
845000,9991.154016000006,1468.022289999999
846000,10004.976655000006,1469.867103999999
847000,10013.827145000007,1471.700691999999
848000,10037.703779000007,1473.626982999999
849000,10049.766157000007,1475.494715999999
850000,10060.596689000007,1477.280626999999
851000,10073.990186000006,1479.140138999999
852000,10087.143241000007,1480.9708709999989
853000,10104.254509000008,1482.8470139999988
854000,10116.146463000008,1484.7138979999988
855000,10123.276376000009,1486.5357139999987
856000,10133.720678000009,1488.6786289999986
857000,10140.798583000009,1490.4540089999987
858000,10148.51709300001,1492.2302359999987
859000,10157.46837400001,1494.0263579999987
860000,10165.751373000008,1495.7813149999988
861000,10179.904290000008,1497.6099509999988
862000,10191.455352000008,1499.4466979999988
863000,10198.669091000009,1501.1705259999987
864000,10209.48801900001,1502.9928119999988
865000,10216.83186800001,1504.788881999999
866000,10225.65599900001,1506.530371999999
867000,10232.77413300001,1508.256669999999
868000,10242.56243300001,1510.120558999999
869000,10249.456854000011,1511.8636829999991
870000,10257.20373000001,1513.5959919999991
871000,10262.34148400001,1515.3383359999991
872000,10268.09896000001,1517.1079419999992
873000,10274.21388900001,1518.8627769999991
874000,10283.33004500001,1520.6690839999992
875000,10296.11572100001,1522.4871489999991
876000,10310.02921600001,1524.3168509999991
877000,10320.53664200001,1526.0881889999991
878000,10332.72554200001,1527.9042089999991
879000,10341.02632000001,1529.637989999999
880000,10360.34820500001,1531.563544999999
881000,10369.071822000009,1533.357158999999
882000,10380.809565000009,1535.167528999999
883000,10386.39816900001,1536.894922999999
884000,10393.00240400001,1538.666336999999
885000,10403.33723100001,1540.447387999999
886000,10411.073548000011,1542.192116999999
887000,10417.51366800001,1543.911431999999
888000,10424.37795300001,1545.667429999999
889000,10432.39039600001,1547.4276739999991
890000,10438.913761000009,1549.1883639999992
891000,10444.869265000008,1550.9320649999993
892000,10453.89352700001,1552.7678929999993
893000,10461.17793900001,1554.5121689999992
894000,10466.96261100001,1556.2945459999992
895000,10472.97103800001,1557.9934149999992
896000,10480.71800100001,1559.7191649999993
897000,10486.95350400001,1561.4501939999993
898000,10493.31950400001,1563.1768229999993
899000,10499.87227100001,1564.9536269999994
900000,10513.50873800001,1566.7176139999995
901000,10519.67004400001,1568.4393749999995
902000,10531.423642000009,1570.2220189999994
903000,10537.324029000009,1571.9555389999994
904000,10543.699738000008,1573.7183079999993
905000,10549.770317000008,1575.4375979999993
906000,10559.592034000008,1577.2664639999994
907000,10565.041812000009,1579.0276469999994
908000,10569.883903000009,1580.7956759999995
909000,10580.07223200001,1582.5736599999996
910000,10601.55266000001,1584.4276159999995
911000,10625.90456700001,1586.3170189999994
912000,10638.46533500001,1588.1146859999994
913000,10652.45007100001,1589.9331809999994
914000,10664.64823100001,1591.7083419999994
915000,10675.65232100001,1593.4859099999994
916000,10689.51687500001,1595.3248519999995
917000,10702.14102700001,1597.1506129999996
918000,10720.038279000011,1599.0193239999996
919000,10738.148294000011,1601.1100559999995
920000,10754.375575000011,1602.9465419999995
921000,10764.250280000011,1604.7177269999995
922000,10777.341350000012,1606.6274659999995
923000,10792.389847000011,1608.4991729999995
924000,10808.125760000012,1610.3542589999995
925000,10822.275904000011,1612.1640899999995
926000,10846.92141700001,1614.4719889999994
927000,10865.96290800001,1616.3640989999994
928000,10879.46182100001,1618.2287889999996
929000,10898.69250500001,1620.1812689999995
930000,10911.74668000001,1622.0211359999994
931000,10921.59894200001,1623.7965389999995
932000,10946.74080200001,1625.6662429999994
933000,10982.23410300001,1628.3406569999995
934000,11008.58337800001,1630.2779949999995
935000,11023.78210100001,1632.5077569999994
936000,11040.28408500001,1634.4335649999994
937000,11055.87138200001,1636.3827169999993
938000,11081.24107500001,1638.3878799999993
939000,11094.88422400001,1640.4850739999993
940000,11107.39198700001,1642.3283479999993
941000,11122.35957500001,1644.1655879999994
942000,11149.753744000009,1646.1487199999995
943000,11187.42922600001,1648.2143929999995
944000,11204.04528100001,1650.2912439999996
945000,11214.46859300001,1652.4521759999996
946000,11226.04938800001,1654.3214339999995
947000,11241.57658600001,1656.2209909999995
948000,11266.55987000001,1658.1326879999995
949000,11277.44724600001,1659.9491339999995
950000,11288.703696000011,1661.7590259999995
951000,11302.37746600001,1663.6194469999996
952000,11311.63881900001,1665.4517999999996
953000,11330.99327000001,1667.4481869999995
954000,11344.77622700001,1669.3212479999995
955000,11359.85648700001,1671.2499429999996
956000,11369.97380300001,1673.0753149999996
957000,11386.32044300001,1675.2964849999996
958000,11411.08507600001,1677.2362789999995
959000,11421.66658700001,1679.1177009999994
960000,11442.695324000011,1681.2224779999995
961000,11465.585209000012,1683.3445799999995
962000,11486.677807000011,1685.3062159999995
963000,11510.890927000011,1687.5501329999995
964000,11534.80952800001,1689.4574779999996
965000,11561.636091000011,1691.4024959999995
966000,11581.668471000012,1693.3231719999994
967000,11594.412815000012,1695.1845109999995
968000,11614.654674000012,1697.1345839999994
969000,11635.055319000012,1699.0408439999994
970000,11647.285178000011,1700.9276109999994
971000,11658.657950000012,1702.8241449999994
972000,11689.419850000011,1704.8794159999993
973000,11701.461674000011,1706.7498499999992
974000,11713.23119300001,1708.6300039999992
975000,11720.315407000011,1710.426697999999
976000,11733.79230000001,1712.317546999999
977000,11740.47509700001,1714.109404999999
978000,11749.69126900001,1715.965283999999
979000,11763.28004000001,1717.826415999999
980000,11772.186169000011,1719.615125999999
981000,11789.77784800001,1721.472390999999
982000,11803.91518300001,1723.2981419999992
983000,11821.96395800001,1725.187992999999
984000,11853.55469500001,1728.0761089999992
985000,11870.71626600001,1729.9689979999991
986000,11888.70104700001,1731.878607999999
987000,11908.08501200001,1734.220684999999
988000,11923.719766000011,1736.1128569999992
989000,11941.36186200001,1738.0513069999993
990000,11955.956919000011,1739.9585259999992
991000,11969.993260000012,1742.1352399999992
992000,11981.861245000013,1744.0043129999992
993000,11993.354929000012,1745.8386379999993
994000,12012.340529000012,1747.7392579999992
995000,12029.574018000012,1749.6789179999992
996000,12043.827605000011,1751.551204999999
997000,12062.668214000012,1753.457580999999
998000,12085.165680000013,1755.376642999999
999000,12097.404464000012,1757.234128999999
1000000,12115.434772000011,1759.094755999999
1001000,12135.359721000012,1760.991702999999
1002000,12157.805209000011,1762.916905999999
1003000,12177.122418000012,1764.786159999999
1004000,12193.430930000011,1766.664536999999
1005000,12226.80820600001,1768.6675449999989
1006000,12239.88392900001,1770.595544999999
1007000,12253.60268400001,1772.491009999999
1008000,12271.36840900001,1774.356897999999
1009000,12285.74397800001,1776.2259749999992
1010000,12303.50057200001,1778.1161609999992
1011000,12338.47963400001,1780.0669219999993
1012000,12362.07397600001,1781.9623139999992
1013000,12394.42543400001,1783.9144259999991
1014000,12427.37880200001,1785.868492999999
1015000,12457.83774100001,1788.351411999999
1016000,12484.01548800001,1790.279727999999
1017000,12521.93578400001,1792.333460999999
1018000,12537.94385800001,1794.167646999999
1019000,12558.90965400001,1796.0409499999992
1020000,12587.32362000001,1798.0835579999991
1021000,12616.83631300001,1800.053922999999
1022000,12640.11678300001,1801.981465999999
1023000,12668.23191400001,1803.894230999999
1024000,12691.503038000012,1805.808727999999
1025000,12719.021962000012,1808.0728009999991
1026000,12738.373078000011,1809.943263999999
1027000,12772.540431000012,1811.935022999999
1028000,12790.802818000013,1813.8331979999991
1029000,12805.225530000012,1815.7127189999992
1030000,12825.551272000013,1817.6250519999992
1031000,12837.456640000013,1819.4219369999992
1032000,12851.931902000013,1821.2539389999993
1033000,12862.863735000014,1823.0436699999993
1034000,12888.922365000013,1825.0590519999994
1035000,12909.542770000013,1826.9429389999993
1036000,12918.124972000012,1828.7510799999993
1037000,12928.804280000013,1830.5970779999993
1038000,12946.649932000013,1832.4459309999993
1039000,12961.657720000014,1834.2863359999992
1040000,12980.408730000014,1836.1625879999992
1041000,13002.813070000013,1838.1287359999992
1042000,13023.942160000013,1840.0124099999991
1043000,13043.002973000013,1841.913633999999
1044000,13056.373633000014,1843.7462919999991
1045000,13069.459290000013,1845.550314999999
1046000,13084.348830000014,1847.367567999999
1047000,13098.518080000014,1849.206427999999
1048000,13117.887307000014,1851.145798999999
1049000,13135.026500000014,1853.016172999999
1050000,13147.791427000015,1854.832233999999
1051000,13160.037394000015,1856.632777999999
1052000,13179.561444000015,1858.570774999999
1053000,13194.122956000016,1860.375682999999
1054000,13211.731281000015,1862.2033319999991
1055000,13225.282180000015,1863.9984559999991
1056000,13242.720192000015,1866.199653999999
1057000,13257.110143000014,1868.016491999999
1058000,13271.239208000014,1869.823351999999
1059000,13286.784009000014,1871.654069999999
1060000,13312.073384000014,1873.5091529999988
1061000,13332.056887000013,1875.3865419999988
1062000,13356.024664000013,1877.691451999999
1063000,13369.837909000013,1879.5283859999988
1064000,13385.251899000012,1881.377045999999
1065000,13408.360986000012,1883.685317999999
1066000,13433.469136000012,1887.500657999999
1067000,13454.271778000013,1889.663717999999
1068000,13480.938386000013,1892.865559999999
1069000,13504.962329000013,1894.953720999999
1070000,13534.173501000012,1897.123666999999
1071000,13553.671273000013,1899.091488999999
1072000,13597.761780000013,1901.279094999999
1073000,13612.379283000013,1903.192546999999
1074000,13642.604851000013,1905.1878089999989
1075000,13659.081350000013,1907.1364869999989
1076000,13673.147343000013,1909.001335999999
1077000,13690.984954000014,1911.0398549999989
1078000,13705.704640000014,1913.0328179999988
1079000,13724.196525000014,1915.0214659999988
1080000,13742.600534000014,1916.9561829999989
1081000,13756.092543000013,1918.833287999999
1082000,13774.283454000013,1920.825678999999
1083000,13815.161246000012,1922.8775239999989
1084000,13852.301077000013,1925.294610999999
1085000,13870.286256000012,1927.2086819999988
1086000,13885.843747000012,1929.0599889999987
1087000,13907.901847000012,1931.5229199999987
1088000,13930.921683000011,1933.5316289999987
1089000,13987.617336000012,1935.5975749999986
1090000,14010.469655000012,1937.6449179999986
1091000,14031.362341000011,1939.6839019999986
1092000,14061.92527000001,1941.7173259999986
1093000,14104.19052800001,1943.9433449999985
1094000,14150.95490400001,1946.0610069999987
1095000,14180.392472000009,1948.3114059999987
1096000,14202.49708800001,1950.2538689999988
1097000,14233.68079700001,1952.2534139999987
1098000,14284.29460300001,1954.2791939999986
1099000,14326.54489000001,1956.6817699999986
1100000,14368.29522800001,1958.7382589999986
1101000,14403.89029500001,1960.7555649999986
1102000,14443.96782000001,1963.2385569999985
1103000,14466.777946000011,1965.1982599999985
1104000,14504.02731000001,1967.3313679999985
1105000,14526.79359400001,1969.3404839999985
1106000,14575.92868700001,1971.3761269999984
1107000,14632.59319100001,1973.4878729999984
1108000,14666.366464000012,1975.4266769999983
1109000,14714.871341000011,1977.5807919999984
1110000,14760.08936400001,1979.6276739999985
1111000,14780.13779300001,1981.5459919999985
1112000,14802.31744300001,1983.5303679999986
1113000,14836.216887000011,1985.5813139999987
1114000,14856.310142000011,1987.5154969999987
1115000,14879.968603000012,1989.4922719999988
1116000,14897.795893000011,1991.393494999999
1117000,14912.663778000011,1993.2747939999988
1118000,14943.490452000011,1995.2135059999987
1119000,14981.318561000011,1997.1749209999987
1120000,15004.65058100001,1999.1636409999987
1121000,15019.887542000011,2001.0542259999988
1122000,15071.066114000012,2003.1320399999988
1123000,15106.478526000012,2005.0615629999988
1124000,15145.940801000012,2007.0107689999988
1125000,15179.055754000012,2009.1165379999989
1126000,15219.643886000013,2011.1502929999988
1127000,15277.492873000012,2013.247015999999
1128000,15313.618737000012,2015.244751999999
1129000,15354.473141000011,2017.206981999999
1130000,15388.994883000012,2019.183511999999
1131000,15431.917612000012,2021.141469999999
1132000,15476.233525000012,2023.539168999999
1133000,15513.899703000012,2025.509607999999
1134000,15578.092839000012,2027.609086999999
1135000,15625.094184000012,2029.665113999999
1136000,15652.297518000012,2031.612150999999
1137000,15703.613664000011,2033.6283949999988
1138000,15739.268296000011,2036.0508959999988
1139000,15773.618479000012,2037.9733539999988
1140000,15818.831118000011,2039.987719999999
1141000,15879.89001600001,2042.354903999999
1142000,15905.204474000011,2044.2680159999989
1143000,15939.68749400001,2046.2770419999988
1144000,15964.76024400001,2048.649912999999
1145000,15992.65764500001,2050.568105999999
1146000,16017.95575100001,2052.4940979999988
1147000,16045.65435200001,2054.4115589999988
1148000,16077.84123900001,2056.7030589999986
1149000,16132.68103400001,2059.2626619999987
1150000,16161.10077000001,2061.1604319999988
1151000,16198.32713000001,2063.142288999999
1152000,16231.89713500001,2065.071793999999
1153000,16276.28849100001,2067.1893259999993
1154000,16315.097173000011,2069.1656429999994
1155000,16347.67472100001,2071.0931789999995
1156000,16391.76425100001,2074.7274509999993
1157000,16437.09176200001,2077.9317109999993
1158000,16466.670042000012,2080.447888999999
1159000,16505.60269300001,2082.912577999999
1160000,16528.539476000013,2084.959569999999
1161000,16552.896605000013,2087.271928999999
1162000,16588.59130000001,2089.664546999999
1163000,16627.818533000012,2092.383023999999
1164000,16661.202270000013,2094.764893999999
1165000,16707.45726400001,2097.843766999999
1166000,16735.138759000012,2100.179434999999
1167000,16778.315104000012,2102.336259999999
1168000,16813.569944000013,2104.293985999999
1169000,16851.153398000013,2106.3456999999994
1170000,16881.942157000012,2108.3755549999996
1171000,16912.01211000001,2110.3848049999997
1172000,16937.23466000001,2112.4367349999998
1173000,16980.98469600001,2114.5326929999997
1174000,17003.831803000012,2116.547878
1175000,17035.341529000012,2119.005339
1176000,17057.239026000014,2120.898414
1177000,17077.879465000013,2122.772133
1178000,17104.918861000013,2124.712424
1179000,17120.27594200001,2126.548109
1180000,17142.496190000013,2128.441637
1181000,17164.83923800001,2130.339026
1182000,17196.947456000013,2132.329173
1183000,17252.82919100001,2134.405772
1184000,17305.155770000012,2136.492913
1185000,17335.86334200001,2138.442823
1186000,17370.748425000013,2141.062267
1187000,17404.67918200001,2143.024989
1188000,17483.85831300001,2145.846807
1189000,17547.001521000013,2147.898432
1190000,17580.840229000012,2149.855416
1191000,17613.73017500001,2151.7930899999997
1192000,17645.882880000012,2153.6913199999995
1193000,17682.08790200001,2155.6615329999995
1194000,17715.96325200001,2157.5641849999997
1195000,17761.64204900001,2159.543354
1196000,17788.88971800001,2161.51566
1197000,17829.16363800001,2163.537448
1198000,17860.66110700001,2165.429967
1199000,17902.75810000001,2167.354832
1200000,17928.80924100001,2169.240933
1201000,17985.31307100001,2171.348168
1202000,18016.30834900001,2173.408479
1203000,18040.23784700001,2175.3199130000003
1204000,18063.878595000013,2177.280759
1205000,18113.68760900001,2179.255752
1206000,18149.287509000013,2181.155641
1207000,18196.747364000013,2183.1205029999996
1208000,18232.614456000014,2185.0539799999997
1209000,18273.132861000013,2187.186324
1210000,18298.286605000012,2189.069489
1211000,18335.66957400001,2191.500879
1212000,18369.78172900001,2193.548655
1213000,18414.84705500001,2195.487044
1214000,18454.623088000008,2197.466634
1215000,18492.679858000007,2199.637816
1216000,18528.338709000007,2201.600743
1217000,18564.932888000007,2203.583165
1218000,18601.407363000006,2205.554092
1219000,18652.573218000005,2208.188842
1220000,18707.562086000005,2210.21865
1221000,18753.139602000007,2212.247077
1222000,18793.254718000007,2214.191792
1223000,18822.202835000007,2216.117188
1224000,18857.50037000001,2218.13347
1225000,18904.478165000008,2220.0851970000003
1226000,18956.932349000006,2222.16179
1227000,18988.627085000007,2224.119285
1228000,19038.98616200001,2226.067137
1229000,19081.45883600001,2228.293881
1230000,19114.83557700001,2230.112312
1231000,19150.72401400001,2231.8964180000003
1232000,19191.73801800001,2233.7344060000005
1233000,19223.71002200001,2235.5121110000005
1234000,19282.15931400001,2237.3403080000003
1235000,19333.24798100001,2239.2369500000004
1236000,19361.63334700001,2241.0128160000004
1237000,19399.03993400001,2243.2871420000006
1238000,19439.303348000012,2245.0906320000004
1239000,19480.773562000013,2246.9016340000003
1240000,19529.875143000012,2248.7851130000004
1241000,19561.817136000012,2250.5667850000004
1242000,19595.937624000013,2252.4939210000002
1243000,19620.500492000014,2254.2513910000002
1244000,19650.558470000014,2256.0345490000004
1245000,19678.926211000013,2257.8056630000005
1246000,19708.68948900001,2259.5401770000008
1247000,19748.45831600001,2261.319892000001
1248000,19787.33503700001,2263.1218160000008
1249000,19824.38623900001,2264.9769580000006
1250000,19876.15792500001,2267.0630950000004
1251000,19917.45393700001,2268.8638520000004
1252000,19957.327750000008,2270.6662680000004
1253000,19991.98499300001,2272.5106540000006
1254000,20019.699087000008,2274.2570010000004
1255000,20055.252603000008,2276.1015700000003
1256000,20079.59901100001,2277.8363110000005
1257000,20126.467731000008,2279.8289090000003
1258000,20146.15881300001,2281.735274
1259000,20180.835165000008,2283.993186
1260000,20204.482699000007,2285.856998
1261000,20242.031111000008,2287.8013210000004
1262000,20275.951534000007,2289.6976110000005
1263000,20321.923976000005,2291.6624400000005
1264000,20360.446246000007,2293.6635520000004
1265000,20402.505447000007,2295.6190060000004
1266000,20442.17705800001,2297.8133410000005
1267000,20472.100286000008,2299.7317320000006
1268000,20515.407777000008,2301.7370580000006
1269000,20553.85472800001,2304.1187920000007
1270000,20584.90752100001,2306.0142100000007
1271000,20618.45015200001,2307.992487000001
1272000,20640.271879000007,2309.853555000001
1273000,20675.611621000007,2311.822741000001
1274000,20704.154518000007,2313.6962200000007
1275000,20730.977437000005,2315.6545040000005
1276000,20761.376897000006,2318.8858700000005
1277000,20802.058132000006,2321.7115930000004
1278000,20824.816727000005,2323.6712020000004
1279000,20854.508390000006,2325.9491300000004
1280000,20896.698318000006,2328.4392320000006
1281000,20950.844885000006,2330.6262190000007
1282000,20976.405492000005,2332.8722630000007
1283000,21002.645056000005,2335.2897820000007
1284000,21032.560994000003,2337.3544340000008
1285000,21072.025439000005,2339.7347760000007
1286000,21113.740459000004,2341.7899440000006
1287000,21204.944634000003,2344.6543580000007
1288000,21237.862137000004,2346.674619000001
1289000,21269.133591000005,2348.647202000001
1290000,21292.246656000007,2351.0976720000012
1291000,21328.591635000008,2353.1816700000013
1292000,21390.88002400001,2355.961563000001
1293000,21431.223189000008,2357.9494040000013
1294000,21470.18679600001,2360.062279000001
1295000,21510.69443700001,2362.0834120000013
1296000,21552.63815100001,2364.0644380000012
1297000,21581.61910100001,2366.5232820000015
1298000,21632.88341600001,2368.5776310000015
1299000,21671.79371600001,2370.6688100000015
1300000,21701.19910200001,2372.6541260000013
1301000,21743.569938000008,2374.6929950000012
1302000,21800.827966000008,2376.872608000001
1303000,21836.665169000007,2378.860079000001
1304000,21878.945269000007,2380.824111000001
1305000,21919.105619000005,2383.306502000001
1306000,21966.353427000005,2385.353117000001
1307000,22016.421818000006,2387.398294000001
1308000,22086.226571000007,2389.503462000001
1309000,22134.883376000005,2391.560614000001
1310000,22183.133264000004,2393.821520000001
1311000,22221.579794000005,2395.879906000001
1312000,22258.412614000004,2398.261770000001
1313000,22289.835410000003,2400.162691000001
1314000,22331.233604000005,2402.109539000001
1315000,22382.721292000006,2404.061575000001
1316000,22424.546404000004,2406.008632000001
1317000,22466.488734000006,2407.981914000001
1318000,22507.055358000005,2409.9002370000007
1319000,22550.442798000004,2411.892938000001
1320000,22599.372998000003,2414.1205840000007
1321000,22638.622822,2416.3659700000007
1322000,22685.805251,2418.283125000001
1323000,22730.552188,2420.2098380000007
1324000,22777.192256000002,2422.2233530000008
1325000,22812.835668000003,2424.0731030000006
1326000,22865.621628000004,2425.962177000001
1327000,22919.589416000006,2427.921649000001
1328000,22986.040477000006,2429.8843590000006
1329000,23015.381370000006,2431.7058210000005
1330000,23064.066200000005,2433.6549670000004
1331000,23108.377043000004,2435.5928730000005
1332000,23138.422350000004,2437.4379020000006
1333000,23180.341560000004,2439.3650060000004
1334000,23201.705561000006,2441.2057160000004
1335000,23246.740783000005,2443.0750480000006
1336000,23304.796050000004,2445.234900000001
1337000,23335.096960000006,2447.151691000001
1338000,23366.221814000008,2449.068553000001
1339000,23399.36483000001,2450.970663000001
1340000,23438.85268700001,2452.968629000001
1341000,23471.59129500001,2454.893750000001
1342000,23517.07252500001,2456.916442000001
1343000,23550.72295000001,2458.880821000001
1344000,23587.50546600001,2460.8550830000013
1345000,23620.12881900001,2462.7903430000015
1346000,23645.82174000001,2464.6966720000014
1347000,23674.30000800001,2466.6012900000014
1348000,23723.30078400001,2468.9614370000013
1349000,23768.22439400001,2470.934583000001
1350000,23819.73914800001,2472.967160000001
1351000,23842.906246000013,2474.883799000001
1352000,23877.199361000014,2476.8064710000012
1353000,23896.737194000012,2478.663421000001
1354000,23932.71228000001,2480.720905000001
1355000,23981.98399000001,2482.735088000001
1356000,24021.381603000013,2484.727695000001
1357000,24057.47775500001,2486.669558000001
1358000,24110.14121800001,2489.036304000001
1359000,24138.513460000013,2490.995240000001
1360000,24170.821879000014,2492.9216330000013
1361000,24210.518175000012,2494.9194130000014
1362000,24236.84254500001,2496.8095420000013
1363000,24268.79357300001,2498.777342000001
1364000,24297.45779500001,2500.6973420000013
1365000,24330.59069800001,2502.6473200000014
1366000,24385.18861200001,2504.729677000001
1367000,24421.33338900001,2506.662463000001
1368000,24459.87571100001,2508.644127000001
1369000,24487.834544000012,2510.535222000001
1370000,24520.64538800001,2512.482832000001
1371000,24562.38570100001,2514.400031000001
1372000,24608.56830800001,2516.7344190000013
1373000,24648.816242000008,2518.645307000001
1374000,24693.68556200001,2520.635749000001
1375000,24767.429561000008,2522.669322000001
1376000,24830.85168600001,2524.658718000001
1377000,24887.30309300001,2526.676872000001
1378000,25001.29230500001,2528.790732000001
1379000,25075.62166300001,2530.8775410000007
1380000,25120.01442000001,2532.871526000001
1381000,25167.09166200001,2534.897825000001
1382000,25201.16990600001,2536.828317000001
1383000,25273.66976800001,2539.269997000001
1384000,25328.35294000001,2541.7496810000007
1385000,25380.524828000012,2543.8846570000005
1386000,25424.132140000012,2545.9399650000005
1387000,25469.011732000014,2547.9412870000006
1388000,25540.749021000014,2550.4656120000004
1389000,25597.609316000013,2552.4826120000002
1390000,25636.465644000014,2554.527258
1391000,25695.838767000016,2556.523323
1392000,25722.391836000017,2558.436494
1393000,25770.897883000016,2560.468876
1394000,25812.673588000016,2562.4773769999997
1395000,25835.953519000017,2564.38975
1396000,25869.033162000018,2566.3080419999997
1397000,25897.935239000017,2568.2471049999995
1398000,25947.126530000016,2570.2679499999995
1399000,25981.997230000015,2572.2636809999995
1400000,26036.067606000015,2574.3019719999993
1401000,26075.379107000015,2576.3047859999992
1402000,26132.066252000015,2578.380488999999
1403000,26170.077056000016,2580.3774899999994
1404000,26209.303964000017,2582.3423159999993
1405000,26245.951968000016,2584.3076649999994
1406000,26278.120639000015,2586.2231209999995
1407000,26307.954659000014,2588.1461999999997
1408000,26336.644532000013,2590.08956
1409000,26376.334149000013,2592.1050849999997
1410000,26420.640202000013,2594.058506
1411000,26447.969033000012,2595.940795
1412000,26492.434366000012,2598.241492
1413000,26531.860646000012,2600.216414
1414000,26560.48902000001,2602.12546
1415000,26604.093423000013,2604.118621
1416000,26643.465590000014,2606.05688
1417000,26699.524216000013,2608.0639180000003
1418000,26799.465663000014,2610.181833
1419000,26849.047668000014,2612.162784
1420000,26953.534042000014,2614.546116
1421000,26991.537871000015,2616.900984
1422000,27053.167649000014,2620.504712
1423000,27106.644368000012,2624.9864
1424000,27153.248004000012,2627.6694289999996
1425000,27203.60342300001,2630.3901499999997
1426000,27247.56042200001,2632.8162679999996
1427000,27292.45094900001,2635.3375379999998
1428000,27319.243542000007,2637.557211
1429000,27351.738585000006,2640.09044
1430000,27379.653586000008,2642.481166
1431000,27404.67628400001,2644.469609
1432000,27438.26138800001,2646.452865
1433000,27476.06267100001,2648.538245
1434000,27520.09543900001,2650.9818170000003
1435000,27577.007128000012,2653.0462350000003
1436000,27604.663990000012,2655.08613
1437000,27628.61419900001,2657.0068730000003
1438000,27650.27918300001,2659.3744580000002
1439000,27672.97646600001,2661.4861640000004
1440000,27696.58209700001,2663.3931020000005
1441000,27720.21615300001,2666.0665510000003
1442000,27743.50432700001,2667.9979710000002
1443000,27770.08235400001,2670.193518
1444000,27809.22627100001,2672.210928
1445000,27828.83703200001,2674.159409
1446000,27862.86825000001,2676.180511
1447000,27896.417999000012,2678.300848
1448000,27937.54617800001,2680.3846409999996
1449000,27971.80698800001,2682.3930869999995
1450000,28005.86355500001,2684.5869819999994
1451000,28039.183205000012,2686.605096999999
1452000,28096.94494900001,2688.723389999999
1453000,28198.57734900001,2690.7559069999993
1454000,28238.86350200001,2692.6402119999993
1455000,28294.111927000013,2694.6340179999993
1456000,28328.786654000014,2696.893394999999
1457000,28379.039959000012,2698.846356999999
1458000,28425.303165000012,2700.767914999999
1459000,28461.30345000001,2702.618757999999
1460000,28492.78718000001,2704.966479999999
1461000,28526.37547400001,2706.794902999999
1462000,28566.40767600001,2708.695246999999
1463000,28831.06469500001,2710.7942269999994
1464000,28960.759544000008,2713.2064809999993
1465000,29007.957433000007,2715.747600999999
1466000,29057.05604500001,2717.648756999999
1467000,29090.70203600001,2719.463785999999
1468000,29149.52257900001,2721.467080999999
1469000,29224.43133000001,2723.508479999999
1470000,29273.85608800001,2725.972488999999
1471000,29302.38974600001,2728.219608999999
1472000,29355.94050000001,2730.241638999999
1473000,29401.184732000012,2732.159309999999
1474000,29439.703409000012,2734.420338999999
1475000,29487.729813000013,2736.424185999999
